god indeed changer ,993895659022553090,,,,None
thanos collaboration came with 2s dlc lol so much options  ,993895653708251136,,,,None
good night everybody ever are dont forget dont written stone lying always hands everyday ,993895641364430848,,,,None
titan ftw obvs ,993895588763783170,,,,None
calling all 2 pc players are you team up do missions dlc content week ,993895554231889920,,,,None
dread it run it still arrives ,993895519591256065,,,,None
2 pc clan discord ever people run with ,993895497265025024,,,,None
could see it maybe part destiny lol ,993895425395580929,,,,None
are not good no insulting that obviously dont have values cos ideal people doesnt hate envy people progress do her her cant change that ,993895405833326592,,,,None
choose ancestry choose history choose class write destiny basing lords magic ,993895395657994240,,,,None
everything know about 2s warmind dlc pack  view  ,993895390012420096,,,,None
so anyone was thinking about getting 2 only 12 humblebundle ,993895375957299201,,,,None
been lucky enough around 6 different dlc dropsgame releases related destiny gets old day release best feelings really excited looking forward trying all content ,993895374585769984,,,,None
servers down warmind dlc release date unlock time approach ,993895337470365696,,,,None
set tone leadership convincing people t more gemini ,993895288610869248,,,,None
check broadcast playstation 4 2 live ,993895281996509184,,,,None
white ppl drinking off ihop glasses  ,993895280503377923,,,,None
destinymy rightto look dashing 18th c mens ensemble preferably acting alongside keira period drama secret lovers look better kneebreeches all men ,993895275721908226,,,,None
best friend sister forgot give  always ,993895223628632069,GB,city,Manchester,{'type': 'Point', 'coordinates': [-2.24328418, 53.47697785]}
going live 2pm est with expansion ii warmind ,993895220600160256,,,,None
feels great asf  ,993895158696628224,US,city,La Porte,None
someone tries eat last nuggie ,993895110755614720,,,,None
no change so feel free okkkk ,993895109350567936,,,,None
english meaning english baby name english meaning is certain fortune fate mythological greek god fate ,993895089112997888,,,,None
30 dont crossfit gym with sister failed life  ,993895088299405312,US,city,La Porte,None
1hr amp 30 minutes streaming warmind dlc 2 dont know about you but ready kick some ass ,993895073149530112,,,,None
so miss durban ,993895044817080322,,,,None
6v6 last weekend was awesome first time played 2 long time bummed 6v6 gone already hope see back soon ,993895031353237504,,,,None
chadwick looks like he hardest character planet ,993895029033889797,,,,None
2sday ,993895027423068160,,,,None
how will eat away destiny ,993895012034367489,,,,None
titan first character ever made always first frontline but warlock hunter follow ,993895011467935744,,,,None
streaming little bit rimworld before 2 dlc goes live later today wont streaming that sorry ,993894978106601481,,,,None
arive damn yall talk like ,993894957822996481,,,,None
change ,993894956166254592,,,,None
going try today ,993894948251602946,,,,None
gonna make homework activate gears will update start ,993894929683402753,,,,None
thoughts this ,993894852839567362,US,city,Belle Haven,None
bungie has much harder tool work with common knowledge destinys game engine hood complete crap takes far longer complete changes engines do with fraction time risk ,993894831322816512,,,,None
no matter are will find you mim ,993894829888299009,,,,None
biggest asset recognise are ,993894819230638080,,,,None
hour fifteen till 2 season three  warmind dlc live im hyped ,993894815338237953,,,,None
wanted play 2 before going work but guess have wait until servers calm down lol ,993894799051706368,,,,None
check broadcast playstation 4 2 live ,993894758866042880,,,,None
god private matches destiny finally destroy friend 1v1 so hyped ,993894755208777728,,,,None
the only everyone shares death  neji naruto ,993894746631299072,,,,None
guys so updating warmind 2 had close reopened continue download stuck initializing ,993894718718214146,,,,None
prob go back work make sure september release 3 arent unmitigated disasters said ill logging hunter get off work ,993894716272979969,,,,None
well has been written all ready wrote living lifes ra lifes are writing destiny ra put scroll ra ,993894691472072704,,,,None
drop nuclear bomb  177km are destroyed drop bts concept pics  whole world destroyed forget about atom bombs thats call dangerous  ,993894689605668864,,,,None
played remake crash trilogy loved it hyped see work expansion destiny  ,993894689215598597,,,,None
cheers dude super excited see different creative team does with destiny ,993894676389232640,,,,None
working some seedstuff today still secret though ,993894652339044354,,,,None
ill playing 2 dude fortnite aint fun ,993894650443419648,,,,None
booted up 2 know servers are offline but had listen intro music ,993894630134632448,,,,None
yo doing 2 dlc giving 1000 v bucks 30th follower  live ,993894625625694209,,,,None
son killing me saiyas ,993894550337937410,,,,None
live with warmind story play through with amp come watch todays topic  favorite dlc date come hang out ,993894527504089093,,,,None
fighty destinycanoeend bark goes doggie gary so winner divine lawsuit rights title ea ,993894517240512512,,,,None
love dee ,993894504439648256,,,,None
thats kinda reaching because was case women do thing so its no good women anymore ,993894501436526592,,,,None
game has positive review percentage 8546 negative review percentage 1454 932 tweets analyzed ,993894464446959616,,,,None
daughter was kept with lies fake dna test was born 2005 again year 2018 after govt found great grandfather was lucky luciano dna test didnt know until year ,993894459497578496,,,,None
im listening destinys child  ,993894423992963072,,,,None
8 yrs really finna go quick asf ,993894415491051520,US,city,La Porte,None
its destiny ,993894392434974725,,,,None
check broadcast playstation 4 2 live ,993894374563045377,,,,None
all hype ahhhhhhhhhhhhhhhhhhhhhhhhhhhhhhhhh ,993894341960720384,,,,None
time reinstall fuckin guess ,993894329948233728,,,,None
destiny john william case ,993894296578416645,,,,None
like bungie really gone all dlc music man chills excitement bringing feels again golden days 1 ,993894284565807104,,,,None
in time will know like lose feel so desperately right yet fail all same dread it run it still arrives ,993894283106136064,,,,None
damn people really hate 2 bad imma still dip toes bought expansion pack report back findings yall ,993894273891237893,,,,None
eng fifa tots 2 update  ps4 ,993894254115160064,,,,None
so happy amp proud taking control her career amp destiny brave young lady made excellent choice ,993894221890359296,,,,None
happy understand some things are really important but know more important future try about generation try about fate dont blindly accept things because now ,993894189074010112,,,,None
lol someones hurt now damn not only did hurt feelings but did well daaaaaaamn bruh  ,993894182145089537,,,,None
live have fun with 2 dlc ,993894150041894912,,,,None
see dilemma have some fun play 2 released ,993894117267603456,,,,None
avengers 4 cosmic threat would arise cap iron man would wield forcecosmic cube rewrite universe but die end ,993894106739937290,,,,None
about time  ,993894106429644801,,,,None
1 who 2 were still control destiny 3 who 4 its 2018 not 2016 but would loss obviously come mate know youre pissed off but try keep hold towel until sunday ,993894084715732992,,,,None
nothing compare love passion brooke amp bill had together are each others destiny ,993894049118674946,,,,None
based nigerian gospel song didnt explode west which surprising cause got main child group together ,993894048191664128,,,,None
check broadcast playstation 4 2 live ,993894039283003392,,,,None
iranian are patient people while 8 year all world support iraq stand beliefs victory after 20 year enemy destroy another truth ,993894024120430592,,,,None
really excited stream again miss want see play 2 excited game again ,993893987973971968,,,,None
lol actually hate times do well not ive even touched game previous dlc but like said warn us warn days advance im sure have more games play destinyat least hope do  ,993893952360071168,,,,None
got pc version hit run gonna learn controls off stream do some learn speedrun level level stream after marathon ,993893949822586880,,,,None
searching about found amp was not fault the best years life are which decide problems are own do not blame mother ecology president realize control destiny ,993893933762531329,,,,None
dreams are like stars may touch but follow will lead  ,993893827856433152,,,,None
destinys child does perform otr2 done all through ,993893825071460353,,,,None
fully understand start learn how change ,993893812631027712,,,,None
yeah hell yeah stayed home called in got time im master destiny slightlyliquified exhausted recovering master destiny but still nonetheless ,993893760827244546,,,,None
warmind releases 7pm start work 930pm its first release kind havent booked off work sad about ,993893745090285569,,,,None
pastor may higher church putting fellas work today ,993893739465789441,,,,None
ridge substitute until goes back her real true bill ,993893727876927488,,,,None
bought 2 humble store  ,993893723577749504,,,,None
most friends are murderers dreams dont force friends into meant you burning inside you alone ,993893700072767492,,,,None
erie destiny ,993893646096355328,,,,None
kenny was get social security numbers released internet wendy uh kenny but wasnt really supposed intense ,993893645857185792,,,,None
with you lore absolutely fav things about destiny especially siva ,993893600361615360,,,,None
destiny  will give hand ,993893551841853440,,,,None
2 pretty much dead meme like ugandan knuckles put all effort 3 because game straight up garbage 2 dont exist 1 was so much better ,993893549958672385,,,,None
ari  ,993893549119885315,,,,None
have been happy warmind day private mentor chats excited ready play congrats amp expansion into universe  ,993893539426816000,,,,None
was joke djkjfknmh love onewild ,993893538957012992,,,,None
im gonna rot13 takes yall so dont worryyour safe loud mouth ,993893524176158720,,,,None
check broadcast playstation 4 2 live ,993893496485445633,,,,None
probably best music has come with ,993893489665392640,,,,None
lets see get tan 5 weeks im ghost so wish luck ,993893454932406273,,,,None
but manifest like general american nationalism whereas slavery was domestically controversial start ,993893416542105601,,,,None
lets hope all turn up amp play could playing final spot come boys get 4th rest before final amp greatness awaits all were all with manwomenchild do 967 ,993893408459587586,,,,None
entered star wars twoplayer game ,993893403782885376,,,,None
all had do was be petty  ask and ,993893395620823040,US,city,Memphis,{'type': 'Point', 'coordinates': [-89.98343468, 35.23070465]}
how so confident was beneficial deal world people deal was good financial deal european save big financial crash europe pay attn greecespainitaly brexit  ,993893371126018048,,,,None
2 soundtrack fire ,993893367347105793,,,,None
one meets road he takes avoid it oogway ,993893319263637504,,,,None
agreed destiny ,993893314775715841,,,,None
admit enjoyed 2 first came out but content simplicity everything drove away will always have special place heart but unless see change makes game worthwhile return to flame has simmered ,993893312959479810,,,,None
2 later today7pm est determining game play ,993893304579194880,,,,None
serendipity destiny soul mates ,993893289005793280,,,,None
cannot wait get home do destiny ,993893283821641730,,,,None
two dlc got more pumped preshow ,993893279585333248,,,,None
check broadcast playstation 4 2 live ,993893228955910144,,,,None
gave up halfway through first dlc  ,993893228138115072,US,city,Brookside,None
cant layout bc get hot af 10 minutes ,993893211792920578,,,,None
todays day get excited about future 2 exciting things coming ,993893205711048704,,,,None
check broadcast playstation 4 2 live ,993893203471486976,,,,None
only act move heart now no destroy because creator amp dictator life journey destiny ,993893193157627904,,,,None
know all this must instruments stop million excuses each individual responsible himself family community cannot move even family let alone community until deal with individuals ,993893156377722880,,,,None
source provided destinys 3rd eye science final resting location map submarine ,993893141420879873,,,,None
results  easy 136632 pts  record 3066pts ,993893108642443265,,,,None
alright so 2 servers are unavailable refusing connect so gonna start farm stardew going live nao ,993893093329039367,,,,None
tenacious are making sequel the pick destiny ,993893057232818181,,,,None
guess heading back huh ,993893028702994432,,,,None
been dying tubers open packages today feels like day do so question what will 600 gunsmith materials get me ,993893021606432769,,,,None
our true world built bottom up competent citizens living solid communities engaged places  david w orr battling epidemic loneliness ,993893017722413056,,,,None
ds mom texted last night made asked looked like her its so cute  ,993892943525220352,,,,None
itz boiz dedassprime jerebeer bringing another live stream todays stream will playing 2 doing hoodrat shit mars instead playing thanos mayweather fortboiz edition start 1030pst ,993892900751654912,,,,None
sounds like good idea online only game expansion unlock instead download cant access content have problem but tested first ps ,993892873379745793,,,,None
still arrives ,993892847098228736,,,,None
separate twist until arrives frames face better ,993892844472586245,,,,None
ive always loved dlc release days ,993892839393251329,,,,None
intentionally choosing form courage amp ones life destiny ,993892829217935361,,,,None
shows until someone all people try live life know nothing about so really no good men anymore ,993892796623937538,,,,None
also definitely do not do that know kill fashion game no matter p but xg amazingregardless ,993892795105644544,,,,None
starts up 2 epic music starts playing 2 servers are not available ,993892794824577031,,,,None
its purple its called catalyst its got handy revision guide back its beer its  thats not diisopropamine partner it ,993892762260041728,,,,None
ur not type guy walk with herd get by ur strong enough stick ur principles not sell ur soul devil respects dear so glad see ppl standing up believe not losing sight destiny best wishes ,993892742655758336,US,admin,California,None
im going bring game back shop bought change 2 cod aw ,993892728353312768,,,,None
ah dracula infamous one must uphold air mystery couldnt wanker simply friend was bloody vampires air mystic needed have wesley hoped he wasnt going have learn ,993892714688204802,,,,None
2 warmind dlc available download now enjoy music title screen while wait hotfix 1201 ,993892670865997824,,,,None
moment opened picture sunggyu daehyun sang 천사 같은 너 no joke call destiny no coincidence ,993892632840556544,,,,None
hello destiny internet concerns ns reach assistance you nw ,993892611332059137,,,,None
may 8 2018  2s expansion warmind comes today figured while wait thing to ,993892599877554176,,,,None
letting go means come realization some people are part history but not part destiny steve maraboli ,993892588569559040,,,,None
told was apocalypse disnt rescue hands persecution is should have believed me gave supernatural signs wonders even said lord most high how bad do want escape destiny freedom ,993892557108244485,,,,None
although are many questionable choices have been made comes 2 whether lore classes weapons power abilities etc still love game still live breathe franchise fair are definite times drop out ,993892475138818048,,,,None
injustice anywhere threat justice everywhere are caught inescapable network mutuality tied single garment destiny affects directly affects all indirectly mlk ,993892449088032769,,,,None
aw miss being love ,993892415722479618,,,,None
 not every teacher teacher truth va still teach manifest will god amp slaves were needed work plantationsspend more time civil war holocaust amp no mention eradication policy amp genocide native indigenous ,993892366049148928,,,,None
to blues future ,993892364493049856,,,,None
after get response do character didput boots cowboy hat find good horse shooter figuratively course no guns needed earn doctorate degree make destiny ,993892352304574464,,,,None
titles avengers 4 are avengers final chapter avengers into multiverse avengers force avengers quantum quest ,993892317584076801,,,,None
maybe met was destiny dearest believe unbs today tomorrow its very reassuring have lets make many bright memories remembered together forever always thankful trust with future ,993892312848613377,,,,None
yahoo boys would run babes use destiny ,993892309375664129,,,,None
theres no turning back hearts attack gonna give everything have cause will will fight will fight til forever make knock down will not stay ground pick up pick up ,993892298160246785,,,,None
people dont determine destiny god does ,993892187174776832,,,,None
no content destiny its reskinned content will grind non less ,993892180447170560,,,,None
preloading update 2 now see changes dlc sprinkle even small amount water dumpsterfire update goes live 2pm est so see then ,993892104890867713,,,,None
do know anyone plays 2 wouldnt mind hooking up with group finally try some raiding trials some point ,993892088491192320,,,,None
black veil brides  ,993892085639020546,,,,None
enter 2 ps4 pro giveaway ,993892083667820546,,,,None
servers still down taking nap ,993892074184470528,,,,None
cannot look approval only god give affirmation boldly hold truth pursue him ,993892071562993665,,,,None
so glad bungie put some music title screen least hopped into expansion dropped music hit man knew were going into some awesome was sad curse dropped didnt title music update ,993892070258593794,,,,None
only internet would allow open could join fun ,993892051963047936,,,,None
accidentally bought destinythe king instead 2 expansion pass chance get refund ,993892009780957184,,,,None
god wasnt guys mood  how write someone  ,993892006312271872,,,,None
dont forget history nor destiny ,993891991141445638,,,,None
steph promise yesterday take breath away was before heard video amazing both use random phrase day how does happen karma meant fate not meaning ,993891988738138113,,,,None
everyone want interrupt everyones excitement 2s dlc fortnite thanos things announce emotes are live ,993891983918854144,,,,None
how science will shape human daily lives year 2100 ,993891947596140545,,,,None
2 dlc worth playing last dlc kinda was big letdown better actually worth playing ,993891947126378496,,,,None
bill amp ted 3 pick sequel have been announced week ,993891945226256384,,,,None
too little too late let eververse money destroy franchise most are only coming back bc stupidly bought season pass make 3 awesome youre clearly capable ,993891929598447617,,,,None
uninstalled 2 two months after release felt urge pick up again dlc doesnt really tempt either dunno why loved first game death ,993891899604983809,,,,None
growth not destiny ,993891870668288001,,,,None
results  easy 133566 pts  record 274pts ,993891850447736832,,,,None
dr brian weiss follow heart do not afraid fear blocks understanding following destiny ,993891848308514816,,,,None
jump into 2 warmind watch google io decisions decisions ,993891842205896705,,,,None
being loner looks destiny ,993891821079089152,,,,None
so decided try dlc today come fix servers are shit again playing 2 ,993891807397367808,,,,None
someone with username dunno specific one been while anyone talkes about ,993891786815889412,,,,None
totally forgot 2 was thing until all ads promoting dlc ,993891718196948992,,,,None
king legendary edition multiimars xbox360 ,993891713444872192,,,,None
good stream today buds little hiccup middle but settled quickly kept going hard doing off schedule stream 2 dlc warmind about 4 hours keeping normal schedule 8 pm well hope see all there ,993891690132975616,,,,None
dread it run it still arrives ,993891685959692289,,,,None
me midyear bonus oohlalaa  bills dread me run me still arrives  ,993891681912078336,,,,None
destinys child isnt mood its life ,993891680955846659,,,,None
reminder iran 3xs size iraq didnt do well iraq but bolton still wants fulfill pnac trifecta war with iraq iran north korea ,993891676879032321,,,,None
stream will live 1 pm cst dlc goes live interested start game see how different 2 will be gonna costreaming up with so come watch ,993891631752458240,,,,None
im surprised book but misinterpreted very ambiguous about biology destiny ,993891627621142529,,,,None
want stream dlc 2 tonight but dont pc handle game streaming time ,993891612974567427,,,,None
throwbacks make feel like certain shit really destiny ,993891566728220673,,,,None
being personal  ,993891535509958662,,,,None
entered cbn abuja first time today guys supposed working lies  ,993891521953968128,,,,None
bro idk whyyyy tf has phone answers ,993891517361197056,,,,None
totally didnt wake up early go work early so could leave early play 2 not all ,993891512004984832,,,,None
moment get home take nap before 2 dlc drop scrolling through twitter find avengers ltm fortnite agony decisions ,993891505998909440,,,,None
he listens music  emotionalsentimentalnostalgic both comics movies origin story was always about being split between grand superhero call action being heavily flawed emotional dude occasionally does dumb shit ,993891455486771200,,,,None
too late manifest which was pure power grab but relevant high imperialism aryan race theory ,993891408221270016,,,,None
has best bantz sure ,993891391888658432,,,,None
calling mallard see he wants come some madness ,993891369017118722,,,,None
meh current state 2 not worth 12 bucks but humble bundles are always full hidden gems ,993891348238479360,,,,None
destiny will remain eternal ,993891332576788480,,,,None
finally 2sday ,993891302721830912,,,,None
yaaaay community spokesperson has appeared soooo glad tune with hearts minds every 2 player how else would able get feelings articulated twitterverse wisdom insight hardly wait tweet ,993891297726484480,,,,None
so decided reinstall 2 try dlc shit will not play game ever again ,993891287127511040,,,,None
2 version 118 already downloading will done before returnnice ,993891215912321024,,,,None
know plug got  ,993891176892821505,,,,None
no 5 control her no 8 control omg fam thanos ,993891163345113088,,,,None
mean yall know monhun was first fuckin love so naturally had get dropped bit but with season three finna start bitch gon have back burner bit ,993891128423350273,,,,None
after everything evil team did malign ceec house still want her fail reality newsflash cant control her destiny will keep winning will deal with it evil people ,993891116318633984,,,,None
2 about dominate free time busy pubg schedule allows get love it fiber being installed home type this tuesday alive  ,993891108798304257,,,,None
side difficulty level destiny nothing random youll stay faith all things are going work good ,993891101772787712,,,,None
im some good men but some people choose different  ,993891087889653762,,,,None
ranked play released today time see how bad truly  ,993891060890984449,,,,None
so uh dont have plans later tonight was wondering maybe would wanna play some expansion with me unless playing with boys console go ahead ,993891052636356608,,,,None
2 servers down warmind dlc release date unlock time approach  gamespot ,993891040368132096,,,,None
with 2 warmind dropping today might good time check game humble has part humble monthly use link helps out ,993891000325148673,,,,None
mom didnt want talk last night so wrote her letter instead how im moving out ,993890991496196097,,,,None
did know found islands indian ocean shell gained popularity much ancient africa cowry symbolizes power african female symbol favorites ,993890963146801158,,,,None
open up airline call destiny because dread it run it still arrives ,993890953294503936,,,,None
may be no should be people doesnt has content ,993890945652404230,,,,None
always remember snakes dont changethey shed align with people fit not history  windhoek namibia ,993890921174454273,,,,None
keybring destinyは ,993890918326398977,,,,None
big pill finally created account  be like friend  cause too wavy wanna match fly  ,993890845144346625,,,,None
check broadcast playstation 4 2 live ,993890844989157383,,,,None
first pick sequel this happy day ,993890833115107328,,,,None
alright guys will going live shortly apparently was update 2 missed sorry ,993890832448180224,,,,None
enter 2 ps4 pro giveaway ,993890815406694406,,,,None
cant wait play stuff ,993890801380884483,,,,None
bruce swallowed hardly pulled sleeves up when mom died ii felt useless alfred helped too much but felt was hurt sso started cutting myself not only wrists also neck legs he looked down taking pause ,993890787908898816,,,,None
pulled all stops ,993890773555806208,,,,None
deal alert 2 currently available lowest price ever part monthly bundle ,993890772373024769,,,,None
have heard jay oskulata  flipzero 7 ,993890745860935683,,,,None
tough wait all 50 people still play 2  ,993890729884864512,,,,None
god want play 2 dlc jk lo ,993890603606990850,,,,None
bruh 2 extinction protocol looks baller af ,993890597491695617,,,,None
results  easy 133292 pts  ,993890592739479552,,,,None
dlc coming live come hang with me want run dlc ,993890583914561536,,,,None
must come destinys job act stupid day ,993890553547968513,,,,None
pick up pop 2  cayde6 golden gun only 1199 ,993890551358369792,,,,None
loving destiny ,993890498518515712,,,,None
simple stand with majority voted leave sm cu ecj take back control destiny not sure left wing fascism supports democracy though ,993890495838474240,,,,None
have brain enough faith show people life 5 years into future unless change mind  faiththought plansself actualization manifest etc reality may turn lot better plansgods plans will  ,993890492680163328,US,city,Greeneville,None
happy warmind day looking forward exploring expansion continue hopeful everimproving 2 experience ,993890469598773248,,,,None
check broadcast playstation 4 2 live ,993890460572807169,,,,None
will see day ability cross save 2 between pc console play ps4 pc would great time saver playing between both platforms dont care about cross play cross save feature would nice ,993890435046178816,,,,None
rip 2 ,993890389701595137,,,,None
choose ,993890346651222016,,,,None
am ,993890333154054144,US,city,Ava,None
pick up pop 2  emperor calus only 1199 ,993890302225088512,,,,None
sitting waiting servers come back on ,993890290409857024,,,,None
expansion will play nothing else days ,993890281765392386,US,city,Green Bay,None
sure hope warmind dlc 2 turns good because not im trading game after beat ,993890281115258881,,,,None
hello guardians veteran destiny after long journey finally provide pvp montage bungie go vote bungie video big up ,993890279320178691,,,,None
irony also best friend even mody cannot fight against both advvp ,993890272705679360,IN,city,Mumbai,None
hate vibing with someone hella hard find shit was dream lmao   caught slipping ,993890259774648320,,,,None
no im arent good cornhole ,993890215545753600,,,,None
check broadcast playstation 4 destiny live ,993890196428148736,,,,None
lmao getting excited expansion 2018 ,993890190304231424,,,,None
kind wanting make but put her cuppys group but not sure would want romani witchcon artist ,993890180305178624,,,,None
male would kiss her lips wrap arms around her waist he began pull her much closer destinyyou mean world mei love so muchi cant even put words he between kisses ,993890172801568773,,,,None
wth still thing ,993890160642113536,,,,None
person meets road took avoid it ,993890098369519617,,,,None
gotta fight some nasty disease dread it run it still arrives ,993890072079618049,,,,None
letting go means come realization some people are part history but not part destiny steve maraboli ,993890024050470913,,,,None
summer games are between 2 wow fortnite  ,993889983978196992,,,,None
today 2 dlc drops gonna play already payed smh gonna stream about 15 mins come check out ,993889902583525377,,,,None
crew all coming back it ,993889868127223809,,,,None
ah right so tempted do miss crucible best shooters ,993889852218322945,,,,None
friday already so get some jcole tickets  ,993889849202630657,,,,None
helpers will not reject request today winds favour will rise all corners world locate you will dig find water will plant reap plenty god will open ,993889843133517825,,,,None
pick getting sequel bill amp ted finally getting film after all years ,993889834375827456,,,,None
im advocating brothers  ,993889825534173184,,,,None
but hype though ,993889820945670150,,,,None
bungie 11 servers will online 1223 pm logs into destiny servers offline me ,993889807683276800,,,,None
stream will he live 2 servers come back online ,993889776720908289,,,,None
yo ive got wanting debate show dm fam ,993889774208462848,,,,None
youre timesensitive pam ross ,993889768219037696,,,,None
another 2 player maybe guys should team up ,993889742923157504,,,,None
cant wait see cast voices expansion want know actors are behind so far check episode voice talent ,993889684081307648,,,,None
could trace line manifest noble savage back tabula rasa tenuous line but about tenuous das kapital gulags ,993889622076809216,,,,None
best realised world best exploration most satisfying combat father son beats incidents ring so truea wonderfull product passion  guys trumped all sony studios with ,993889617484099584,,,,None
2 warmind dlc release time price more ,993889603592470530,,,,None
considering hopping into 2 more stream its only game recent memory ive actually enjoyed playing without worrying about viewer counts waiting warmind dlc though till wallet gets breather ,993889580075110401,,,,None
hey pat are plague going play 2 dlc chance ,993889546260664321,,,,None
servers up see some friends ,993889516158177280,,,,None
will streaming hour so with release 2 warmind dlc today ,993889513859514369,,,,None
got time wrong launch so sitting with nothing do another 90 minutes ,993889501410922496,,,,None
really hoping good cuz really wanna love again ,993889464517890048,,,,None
are sleeping through storm was designed wake up ,993889443961589765,,,,None
yeah ive been off lot recently but yeah cool play pretty sure still have 2 wildlands well siege division pretty sure ,993889428874649600,,,,None
sami callihan has struck again wrestling toronto this ,993889410981793792,,,,None
cant cheat ,993889387833450497,,,,None
so going stream 2 dlc mean already paid with season pass so might well try enjoy right ,993889333592690688,,,,None
idk but really havent been feeling good today currently waiting see whats happening with anyways dlc im considering working video instead theres few ive been meaning upload not sure will keep guys updated ,993889274427822080,,,,None
brandon do not start ,993889269637885952,,,,None
want join league people buying n5k credit but village people have tied n100 credit ,993889267507187715,,,,None
really hope its step up last expansion im still disappointed 2 was 5 steps back 1 left off every aspect but im still hoping bungie gets together ,993889202692673536,,,,None
wow testweek ends 37 ,993889139803283457,,,,None
were made reflect gods glory fulfill destiny ,993889131796180993,,,,None
cant wait make return later  ,993889096102752256,,,,None
busy summer work working out podcast lots fortnite 2 ,993889022895448064,,,,None
all connected gifts circumstances purpose imperfections journey destiny moulding you embrace it ,993889012543868928,,,,None
get steamed about people digging starlord bc misunderstand him imho he isnt about powers cool tech but rejecting prophecyto forge identity slash repping common earth man alien universe slash mocking dark gritty scifi ,993888993312845829,,,,None
was calling  ,993888987109646341,,,,None
worth more 900 yorùbá man will understand better  ,993888985507336199,,,,None
check broadcast playstation 4 2 live ,993888961612472326,,,,None
are going ignore fact aaliyah hell mediocre compare beyoncé child was outselling her also ,993888916242620416,,,,None
pick 2 go ,993888905916174336,,,,None
wait 2s servers come back online so check warmind take look impressions recent months game reading season two report card ,993888852711440384,,,,None
anyone else ready 2 warmind stream know am drops there ,993888837888888832,,,,None
have believe destiny will succeed will meet lot rejection not always straight path will detours  so enjoy view ,993888808050475008,,,,None
fyi time dlc will available 9th not day servers are down took off work because 8th angry fan come on ,993888803000549376,,,,None
monuments removal disrespect rubbing salt into wounds people mourn loved producing due course political clashes consequent skirmishesconflicts wars multiethnic yugoslavias should not leading example though learn it ,993888743332417538,,,,None
saya jadi teringat ayat thanos tu dato seri  in time will know like lose feel so desperately right yet fail all same dread it run it still arrives ,993888733790269440,,,,None
really wish could go back could run multiple raids week with buds raid lairs aint going do me giving up completely now ,993888706300792834,,,,None
are no secret success result preparation hard work learning unexpected photo session with all time favorite great khali dalip singh ,993888704967081985,,,,None
pray 2 gets better 3rd installment more like d1  ,993888696809254912,,,,None
oh day 1 summary wisconsin added places been letting crash giving food providing with television will make snes look like 2 max settings ,993888691541233664,,,,None
hey guuuuuys its warmind day will streaming most day starting 1230 mt want band depth look 2 dlc come join twitch also its first affiliate stream wooo come get emotes ,993888678882590720,US,city,Colorado Springs,None
 imma destiny imma love  let share most precious photo all time pancake sunshine  ,993888665351766016,,,,None
2 12 june monthly bundle suit sir ,993888645231841280,,,,None
definitive enemy are iranian  ,993888599102734336,,,,None
wow destiny coming along ,993888567704281089,,,,None
left thats important me game d1 beta e3 announcement game always was so its got get better ill wait  ,993888552525148160,,,,None
destinys child   album version featuring kobe bryan ,993888551736668161,,,,None
biological entanglement not consideration women made up like manifest destiny ,993888536142069760,,,,None
check broadcast playstation 4 2 live ,993888532006670336,,,,None
didnt accept like most people do  ,993888530408484864,,,,None
dont run away  conan haibara ,993888513518022656,,,,None
did know ahead time  fishy s administration most corrupt history america hurry cant wait see trump handcuffs sooner later will destiny ,993888451702525952,,,,None
current team working 2 truly care not team made doesnt completely misunderstood people about original d1 took 3 years become perfect game shouldnt take 2 amount time ,993888426880569344,,,,None
2am half clan up waiting go thats way well done bungie its been road guys im sure but surely worth travelling ,993888392290058241,,,,None
plans week 2 god war maybe fortnite speed payback tonight jumping into d2 story help dude end jump into baby big plans coming future ,993888391187050496,,,,None
2 updateandnobody cares ,993888345267699714,,,,None
enter 2 ps4 pro giveaway ,993888331707568128,,,,None
toto convinced he was switched birth looks back life with regret resentment avenge destiny he devises some terrible violent plans dont miss toto hero festival frenchspeaking belgian cinema watch free here ,993888315777650690,,,,None
are gonna play 2 expansion comes today ,993888308475453445,,,,None
  know someday far away clouds not doubt changing place fate could take hold fall inlove hearts soul  ,993888305111429120,,,,None
mastering destiny five tips organic business growth ,993888274174349317,,,,None
bruhh imma honest love dramarama  story actually has lot plot  ,993888221615489026,,,,None
written sky above fall love ,993888219170304000,,,,None
okay no matter what will fight future destiny aih let started throw away others hiyaaaaah ,993888215458238464,,,,None
yall ive felt so good about myself until started therapy man talking about past issues current feelings opened eyes lot things determine worth are driver destiny are control happiness feel good ,993888211809206272,,,,None
star wars forces destiny reveals the force awakens deleted scene ,993888184156090371,,,,None
2 warmind unleashes frozen hive mars today ,993888113561886721,,,,None
land expropriation without expropriation happening foresee false ,993888108524564480,,,,None
update 2 been waiting shit monnntttthhsss ,993888106016313345,,,,None
erika are fucking rats ,993888088643522560,,,,None
absolutely hilarious time 2 decides do maintenance suppose spoilt wow though which afford do nighttime ,993888014182047746,,,,None
weve invented because cant stand fact everything happens accidental ,993888000760139777,,,,None
have faith fate tailormade you ,993887994179338241,,,,None
change financial family ,993887988697436163,,,,None
far it ideology preset path destiny directly contradicts freedom choice have humans sense meant the lord decides correlation how choose live life see bigger picture ,993887968803934208,,,,None
another cake tasting more shopping should home after that expansion todaydo all want play it ,993887962994757632,,,,None
check broadcast playstation 4 destiny live ,993887956728414213,,,,None
this ultimate showdown ultimate destiny ,993887871466594304,,,,None
didnt feel develop bench candidates because thought had traditional base  professionals base not mention generally speaking thought demographic was heading ,993887848196648960,,,,None
mood kuz know thats like 95 ppls ,993887799102377985,,,,None
karnatakas elections very interesting very historical present internet era it will decided congress destinys rahuls political future bjps power test ,993887761558978560,,,,None
damn been years played destiny remember buying 360 2014 but ran gold  2 tho how ,993887713848946688,,,,None
run into destiny markers always feel beforehand like have no reason feel certain about something but know about set up amazing every  time  look god ,993887677052346369,,,,None
pt2 law attraction let thoughts determine destiny ,993887674841808898,,,,None
her kendrick lamar miguel kanye west destinys child goldlink biggie alicia keys yg kehlani john legend musiq soulchild stevie wonder earth wind amp fire drake justin bieber nsync bruno mars daniel caesar boyz ii men ,993887627077074944,,,,None
find another destiny ,993887614833905666,,,,None
running few errands ill live with some 2 ,993887560412860417,,,,None
ur ma destiny ,993887521124761600,,,,None
check broadcast playstation 4 2 live ,993887472525414401,,,,None
so basically satay sandwich know satay usually served with lightly pickled cukes destiny ,993887387595001856,,,,None
2 so fucking shit literally has less content features 1 ,993887386915438597,,,,None
actually excited play expansion hope lasts ,993887386353401856,,,,None
know guys probably cant because have professional but anyone baddeadfailing perfect no but means world lot people so  ,993887344905375745,,,,None
well like know how does looks like  myoui mina ,993887337154207744,,,,None
stake ma not 900 ,993887306225471490,,,,None
really want grab dlc but still cant forgive d2 launch years fanatic fighting disappointment had ,993887299871047680,,,,None
protecting 900 naira will still finish day ,993887294263308297,,,,None
the only everyone shares death  neji naruto ,993887283861426182,,,,None
check broadcast playstation 4 2 live ,993887226801995781,,,,None
pls bro pls give code bro pls pls bro pls bro lt3 bro pls bro ,993887217415311360,,,,None
np couldnt leave time ,993887213338349568,,,,None
amazing stream tonight so much awesome host got hype coming tonight opened up sick knife see all again tomorrow 630pm warmind 2 ,993887199870386176,,,,None
47months before found mh370 location scenarios told followers mostly everydaymh370 resting has condition with minor damagesnot brokenone piece ampone placeeverything locked inside door source destinys 3rd eye science ,993887192454959105,,,,None
life was like had go get check because im not stressing off shit all money fame buy bitchlil pete ,993887100025163777,US,country,United States,None
more exam warmind time its very summer games are 2 overwatch so might well get started lol ,993887069771632650,,,,None
505pm road no today ,993887052302245888,,,,None
alright twitter time leave you go do adult stuff while wait 2 expansion download like read mark waid prequel webcomici mean study do laundry ,993887047692836864,,,,None
are live killing time till 2 dlc goes live ,993887036720472065,,,,None
he continues hold female close some tears would begin trail down face yes he was really worried about her more probably realized i hope so destinyi really do ,993886977454936064,,,,None
destiny michael jackson ,993886954935803904,IT,city,Fiumicino,None
know ill always faithful bungie great always im already sitting waiting warmind start ,993886932705857536,,,,None
make persons love ,993886895531855874,,,,None
live today 11am 430pm pst 2pm730pm est would always appreciate follow back  tune in ,993886881283637248,,,,None
make persons love ,993886866935083011,,,,None
aaarghh  notion lives have preset path toil vain trying alter reality ,993886854402461696,,,,None
looking do meantime still login 1 ah memories ,993886807019442176,,,,None
deej could answer quick question uk psn store 2 expansion pack discounted till midnight question will weeks days discounting deluxe edition psn uk  have standard disc but would love purchase deluxe edition thxs ,993886791668248578,,,,None
only got couple attempts rom but im learning fightmy mums home uhhhh 45mins ,993886757694386176,,,,None
 choices make chances take determine destiny ,993886754523332608,,,,None
lafmaoooooo surround with people definition not based history but destiny cee cs caption tells not proud life has lived wish her best her quest being better cee c ,993886729273856000,,,,None
dread it run it still arrives live de thanos jaja  ,993886712203014145,,,,None
picked up free graphics stream  ,993886701595582464,,,,None
interesting see current take 2 early unlock latest monthly humble bundle probably wont keep that but always slight curiosity about everything havent yet tried ,993886701570478081,,,,None
tbh pulis was always england so get martian swap with wouldnt even sad ,993886612248506369,,,,None
get ur pvc so continue vote pulls down until get want steer ship state into habour destiny ,993886611929780230,NG,city,Lagos,None
thing always gets excited expansion not guns not balance sandbox changes not maps story but music ,993886598738554880,,,,None
married more business pleasure happy with how are do not rush meant will everyone has take anything granted enjoy little things life brings most joy god bless ,993886589129404416,,,,None
bioshock 2 fans due stupid bodybrain not being able sleep properly like normal person had two nap instead streaming  going have early dinner ready 2 warmind launch two hours updating d2 now ,993886566866092032,,,,None
theres no escaping it tonight have win do control put bed timid capitulations weve seen against the rangers 2012 its never season hinges on lets get after whistle house  ,993886552198647809,US,city,New Orleans,None
every single day holy month ramadan shows big importance muslims lives but most important recommended all muslims 27th day month according quran 27th day also called night laylatulqadr arabic ,993886540513198080,,,,None
hope everyone knows im not helping answering questions doing fuck all apart stuff tonight amp few days ,993886538894315520,,,,None
check broadcast playstation 4 2 live ,993886476353064960,,,,None
im actually pretty excited check content today im sucker raid content keeps coming back ,993886476151738368,,,,None
must fulfill reaching goals no matter stage challenge is thats makes true determined champion amp character stronger good tuesday everyone 5818  ,993886456295907328,,,,None
l123li space destiny do we boldly go ,993886446397411328,,,,None
first expansion ever im truly skipping ,993886440047067136,,,,None
has weird doing her thing  ,993886430782021634,,,,None
forgot mention whole  ,993886405871984641,,,,None
guess ill redownload 2 check dlc hope its entertaining ,993886355175469057,,,,None
dont care how bad gets enjoy cause fun weapons cool enemies science silliness ,993886329309147138,,,,None
pochettino relieved spurs still hands ,993886311302905856,,,,None
god tho two more hours finally friends will praying again im really looking forward ,993886291749232640,,,,None
2 devs are promising change shooter genre with falls expansion ,993886256391045121,,,,None
bigging up hubs again  wanna see gameplay hes man ,993886253081944064,,,,None
world two young boys nothing blows smoke torn apart destiny saves desire ,993886219242299392,,,,None
excited warmind drop ,993886211214196736,,,,None
hey whether things are working 100 not guys make playing both 1 2 immeasurably better keep up awesome work lt3 ,993886207879843842,,,,None
answer honest question do want watch play through 2 dlc ,993886194781040640,,,,None
cannot escape destiny must face darth vader again ,993886190603587584,,,,None
devs are promising change shooter genre with falls expansion ,993886183158464513,,,,None
thats absolutely amazing congratulations ,993886158110183425,,,,None
with reputation guys have know will good day 2 starts climb back being great again patience going rewarded you again ,993886144688467971,,,,None
live with already waiting 2 warmind update drop will playing release ,993886096537866240,,,,None
another note today 2 expansion super hyped d2 took honors place temporarily until beat story ,993886077806137344,,,,None
attention fortnite fans get squad together because today arrives thanoss infinity gauntlet hidden arena first player find it becomes mad titans himself are still doing here get gaming ,993886076484882432,,,,None
ppl her mentions like this makes sensewhen aaliyah married divorced kelly died 2001 destinys child was already more famous successful her  jay aaliyah datedshe only dated dd bey jay officially dated 03but makes sense ,993886053022011397,,,,None
wut wut wuttttt playyinnnggg im almost done with morrowind took quick step away play through first 2 story im literally end it ,993886033556246529,,,,None
quick question have expansion pass does warmind dlc download separately has downloaded already season pass version 118 progress but not sure includes warmind dlc ,993886024161005568,,,,None
alright all have spoken will live warmind goes live hopefully play through entire campaign before have leave work looking forward hanging 2 ,993886018238537729,,,,None
2 soundtrack bringing life now so ready ,993886016019861505,,,,None
dont let down again love 1 had most memorable moments forget know guys will do awesome with upcoming updates looking foward it ,993885996210098176,,,,None
end nfc race only going get better lions control everyones  including ,993885986944937991,,,,None
ill streaming 2 hour two  ,993885977381748736,,,,None
get mentions with tier debate skills ,993885973271334912,,,,None
script destiny ,993885895140036608,IN,admin,Maharashtra,None
nick going tournament tonight nah expansion comes tonight so staying in youre worried about getting shit last tournament me ,993885836054675458,,,,None
ive died year more jesus did whole career see ya hell guys cus have lit heaven goooosh its damn hot  rock life guys  pls have mercy with poor soul ,993885823723597824,,,,None
whens up wanna shoot people ,993885806594084864,,,,None
so take arent friends today ,993885764286066694,US,admin,Missouri,None
announced he broforlife kyle gass would returning theaters with sequel tenacious ds 2006 stoner comedy pick destiny ,993885741456547841,,,,None
love feels like magic call destiny has sense humor call serendipity ,993885682530594816,,,,None
finally reviewed her little bit talk about line call me ,993885645495066624,,,,None
feels way bc truth you sir have godly discernment arent saved god army find saved go online christian trust amp accept jesus yr savior he will show yr destiny will glorious ,993885615597981696,,,,None
got some 2 action coming up today gonna jump back with warming launch see up with it starts about hour so food ,993885573176754176,US,admin,New York,None
dont forget history nor destiny ,993885571310383106,,,,None
talking leslie all time ,993885560514273283,,,,None
best friend brandonim gonna leave you ,993885556919549952,,,,None
2  expansion ii warmind pc released ,993885514754347010,,,,None
so wanna know how many have ps4 with 2 ,993885497398386694,,,,None
force was luke skywalkers destiny could start radio extravaganza 12 pm each weekday ,993885423779840001,,,,None
wait seriously loved pick destiny ,993885386320613382,,,,None
socialists dont like paying taxes like spending ppls money ,993885363050446848,,,,None
destinys child  bugaboo ,993885362685726720,,,,None
cant wait tonight 2 with boy jumping into warmind escalation protocol plan do nothing but chase exotic masterwork quests ,993885319958151168,,,,None
there group picked koreans like brothers have lot charms dashing good lot things gathered like destiny walking road amp want top 8line poem made woojin will forgotten ,993885298047176705,,,,None
pochettino relieved spurs still hands ,993885273099587589,,,,None
tenacious announce sequel pick destiny ,993885248772542464,,,,None
enter 2 ps4 pro giveaway ,993885246734176256,,,,None
funny asl ,993885240656527360,US,city,Rainbow City,None
playing bug boo fellow twitterinstagramfacebook buy song ,993885192875118592,,,,None
play dlc all people do game mode hover till gauntlet drops drop like tilted towers ,993885187594432512,,,,None
im not excited about dlc either arbys ,993885149849948161,,,,None
enter 2 ps4 pro giveaway ,993885112336113665,,,,None
keep moving forward god getting ready destiny ,993885108938698752,,,,None
know ,993885105402753024,,,,None
time are best friends meet every fuking thing possible ,993885104622653440,,,,None
covenant keeping god  cant love less  he all sufficient god  changer  miracle worker  yaaasshhhhhhhh ,993885069516386304,,,,None
live youtube link bio come have fun ,993885066555150336,,,,None
warmind waiting room come hang chat figure how kill time couple hours ,993885024733704192,,,,None
2 expansion ,993885012347969536,,,,None
compass points destiny no looking back take helm with me ,993885011882340352,,,,None
1st amp 2nd customer ,993885005590999040,,,,None
yeah hype real game still hoping join guys well but main priority play lots 2 try content  ,993884993800818693,,,,None
myoui mina heshe are hisher destiny ,993884961663942656,,,,None
check broadcast playstation 4 2 live ,993884948099731457,,,,None
envision destiny ,993884937626382336,,,,None
stopped streaming some reason streaming tarkov tanked fps today unsure why back with later ,993884904143323136,,,,None
2 warmind expansion now gets launch trailer ,993884890088255489,,,,None
so whos jackass scheduled maintenance day 2nd expansion comes 2 would consider epic fail ,993884883062734848,,,,None
pre ordered 2 played launch got 305 power did raid but felt like wasnt anything left game wasnt grindy curse dropped played it beat it havent touched 2 since gonna play one really hope pulls ,993884855057477632,,,,None
cant believe im excited related again had lost so much love franchise you but dont let down ,993884847914541056,,,,None
did threw shade was hated you might one but hatred cant stop destiny pray everyone succeed beyond imperfections ,993884837185556481,,,,None
all this have made so many friends with destiny lots love  ,993884836191498240,,,,None
179  game   ps3 ,993884813357699072,,,,None
46 ember ashes sabaa tahir you are full laia full life dark strength spirit are dreams will burn are ember ashes destiny    ,993884812812353536,,,,None
because end day end up playing  ,993884787696979969,,,,None
launch music awesome ,993884760639524865,,,,None
not meant continued ,993884755052576769,,,,None
watched agents shield along with friday night dinner thats back forgot watch so get eat 2 dlc ,993884745636380672,,,,None
 spirit pick up book called the spear destiny by trevor ravenscroft talks about hitler occult how he was obsessed with finding sword pierced christ get blood   ,993884742364758017,,,,None
it decisions not conditions determine destiny  anthony robbins ,993884741316333568,,,,None
2 servers down warmind dlc release date unlock time approach ,993884711280881664,,,,None
ltmay gt written destiny will change no matter how much try to ,993884697834016768,,,,None
been player d1 beta like deej everyone bungie creating destiny cannot wait get stuck into warmind later today with brother guardians will stand together seize becomelegend ,993884697561362432,,,,None
key unlock someone elses destiny are special ,993884681002192896,,,,None
surround with people definition not based history but destiny  ,993884676489207813,,,,None
pussycat dolls  jai ho you are destiny ,993884652925579265,,,,None
road no today ,993884642360070144,,,,None
peace keep thinking will favour done someone returned how revenge wrong done someone must belief allahs hand destiny ,993884635011657728,,,,None
adorable love it tattoo club ,993884634651025408,,,,None
dread it run it still arrives ,993884620298039296,,,,None
free shape without interference ,993884619710885888,,,,None
neighbor sent goat meat pepper soup no reason tastes soo delicious scared eating destiny ,993884615906643968,,,,None
yea but look time germany spain france etc 6pm are getting home work ready play some sweet  ,993884610495840256,,,,None
mr oliver plunkett 100000sqkm 250sqkm48hours job will found mh370will take chance before 90days limitdestinys will guide resting location mh370 bay bengal territoryhard work failure coz act destinys ,993884575297343489,,,,None
its due season sleepingsheepish negroes awaken claim rightful heritage visit learn how grow community defining ourselves claiming heritage taking back prophesied scriptures ,993884561200345088,,,,None
dread it run it arrives all same here should say my spoiler review infinity war is ,993884535749300225,,,,None
dont let moods decide destiny ,993884535157919744,,,,None
exactly may her soul rest peace dont aaliyah could have done beyoncè doing today even was still alive noticed beyoncè drive even was with child ,993884513620123651,,,,None
it mother not warriors create people guide destiny  luther standing bear oglala lakota ,993884508305977347,,,,None
enter 2 ps4 pro giveaway ,993884506498240513,,,,None
destiny alive heaven love innocence always destroy aftermath hell life infinite ,993884506137415681,,,,None
2s warmind expansion launches later today  ,993884496280858625,,,,None
do play destiny ,993884495953641473,,,,None
the future serves mortal destiny ,993884488529739776,,,,None
are born win cast away fear fulfill destiny ,993884488466927616,,,,None
watch nollywood movie tears 1 ,993884483194531840,,,,None
day found was slain good universe guess wont witness arriving after all bummer ,993884474717896704,,,,None
watch nollywood movie tears 2 ,993884464454426625,,,,None
2 expansion ii warmind goes live 7pm bst today ,993884461207994369,,,,None
alright its up you im going play 2 evening with friends ,993884443449397250,,,,None
hmmm may go back today check out ,993884416849178626,,,,None
im waiting anthem fuck destiny ,993884388516655107,,,,None
but price pay calling ,993884371147935745,,,,None
okay so was informed has cantina las vegas literally throw all plans window ive found  ,993884363854000128,,,,None
have sounding more like hick do now all life ive lived vermont tried avoid but cant its destiny ,993884345059479555,,,,None
rule give niggas benefit doubt ,993884344619098112,,,,None
2 servers down warmind dlc release date unlock time approach ,993884336226164736,,,,None
enter 2 ps4 pro giveaway ,993884330664648706,,,,None
no her destiny ,993884330337320961,,,,None
four year beside herself traditional holiday her now finishes heroic public events continuously reminds her mother teach her how destiny excited too  ,993884309172834304,,,,None
dread run it still arrives ,993884303242211328,,,,None
baby sexy free come play with naughty mommy im gt ,993884297034653696,,,,None
decisions shape  wrap mind around  ready start shaping love chat  ,993884260317716486,,,,None
basically come conclusion want take hold destiny means not answering phone calls answering call always changes  someone wants give work wants give information  both scenarios change destiny ,993884255985065994,,,,None
enjoy warmind launch guardians eager get all thoughts had some time with expansion thisll first dlc day 1 miss beautiful scotland ,993884253095124993,,,,None
left house day expansion being released would maybe turning leaf but still plan home unlocks so probably not  ,993884244685574144,,,,None
noona destiny ,993884216357105664,,,,None
less hour go gang should hopefully see expansion redeems 2 ,993884207503069184,,,,None
fortnight till servers are playable fina get sweet victory ,993884200402063361,,,,None
11 hour work day last night so its sleep warmind release 2 thanos fortnite also have moved house within 3 days do do do ,993884190876798976,,,,None
playing some fertnert infinity gauntlet morning possibly heading 2 play warmind dlc  come hang out drop follow have some fun  ,993884175773007872,,,,None
guys streaming dlc drops which will hour two leave later work but back stream after get off ,993884151240511488,,,,None
not gonna lie music 2 dlc had doing monkas little bit ,993884144823304192,,,,None
home early so stream early pubg till 2 servers come up warmind go ,993884131573600257,,,,None
spent 1200 couches did dumb ass get rid had valley mills  ,993884124611072000,,,,None
makes not want get 2 bluhhh ,993884109733687298,,,,None
did not choose work sitecore true believer destiny happened was first project back 2012 was asked work sitecore still remember early days learning sitecore do not want change thing lt3sitecore ,993884089483575297,,,,None
gonna stream some 2 before class sadly without mic having being dropped off tonight ,993884073318903808,,,,None
excellence accident represents wise choice many alternatives choice not chance determines destiny ,993884052481626112,,,,None
anyone elses 2 download 129gb apparently meant 6gbish ,993884049621086208,,,,None
david gerner maanum were interviewed during adapted bowling tourney asked joined bowling both replied because love being team love cheer teammates reminding all about ,993884032399282178,,,,None
weve invented because cant stand fact everything happens accidental ,993884018927022081,,,,None
tenacious announce sequel pick ,993884014921568257,,,,None
was going pick two people ,993884008101679105,,,,None
today going work some alternate characters 2 have only started hunter have not started warlock not enough time day lol so grinding week stream along with games ,993883974379474944,,,,None
ur will sg buloh ,993883966896619520,,,,None
actually excited dlc today forgot feeling ,993883960282435587,,,,None
forget impress wanna do best which means taking shorty some time  but all will fall place literally have relax destiny ever felt like know much feel much also outfit spring mood pa ,993883953508569088,,,,None
enter 2 ps4 pro giveaway ,993883932885217280,,,,None
2 dlc soon want exotic sword  ,993883923028594689,,,,None
mean rant about today work future both will lead different only thing brings motivation nowadays try not waste energy ranting used result days are more productive before ,993883902526869505,,,,None
discover secrets past polar ice caps mars 2 expansion ii warmind available now ,993883860021796865,,,,None
miss 1 so much so many good memories with game ,993883831093547008,,,,None
destiny_ cassper nyovest ft goapele cass album mk_kaybee ,993883830896484354,,,,None
dread it run it still arrives   ,993883828388118529,,,,None
know how have different like arch types weapons isnt like real life with religions ,993883815239184384,,,,None
well 90 people have left looks like run solo uh hey folks fix stuff cleaned friends list players ,993883814773579777,,,,None
menu music has changed 2 ,993883791147094016,,,,None
whats happing with two ,993883758041411584,,,,None
day ,993883756720144385,,,,None
dread it run it still arrives ,993883745689186305,,,,None
ohhhhh came chat bitch about 2 ,993883738735108096,,,,None
many choose wrong way ,993883734498738176,,,,None
sleeper black spindle suros regime all coming 2 ,993883728748347392,,,,None
tenacious have releasing sequel 2006 cult classic the pick destiny could coming very ,993883725426577409,,,,None
enter 2 ps4 pro giveaway ,993883719135047682,,,,None
problem after sheer number fuckups mistakes were made around 2s cynical release makes so much harder believe had idea were working on would release poor state sneak ie halved xp ,993883667129884672,,,,None
do universe fights souls together some things are too strange coincidences together physical attractions are common but real mental connection rare find it hold it ,993883641741762561,,,,None
2 soundtrack epic cant wait get play ,993883633579507713,,,,None
do not know child freak work ,993883629175504896,,,,None
voices are hearing are real god speaking you nation france you don armor take up arms lead french army destiny joan flames come let lick bones laugh ,993883592295043072,,,,None
try avoid destiny again dodges one similar will occur acknowledgment this law must prepotect victim ,993883587266179072,,,,None
check broadcast playstation 4 2 live ,993883582308474880,,,,None
are going live with fortnite dread it run it arrives all same now here should say am    ,993883556291207173,,,,None
myoui mina destiny  j ,993883530592579584,,,,None
anyone wanna commission so get dlc ,993883530353627136,,,,None
discover secrets past polar ice caps mars 2 expansion ii warmind available pc ,993883509306613761,,,,None
waiting 2 maintence end so guess good time some exercise ,993883501857394689,,,,None
lmao people still playing 2018 ,993883471478173698,,,,None
 make found you  be ,993883459452993538,KR,city,Jongno-gu,{'type': 'Point', 'coordinates': [126.97783, 37.56826]}
hook song sounds like rick ross me ,993883455267266561,,,,None
everything within reach pray god will open eyes opportunities people hes put life help you ,993883452658343937,,,,None
check broadcast playstation 4 2 live ,993883432928382976,,,,None
culutre non compliance man manifest mfs kill with  ,993883431091220482,,,,None
qasa starbucks dread it run it still arrives ,993883410513805312,US,city,San Francisco,None
narrates story lost ,993883363088875520,,,,None
glistening hd breasts king sweeter poon ,993883358349479937,,,,None
2 today hopefully update brings back d1 gameplay ,993883358319923200,US,city,Fontana,None
today speak exempted poverty command all efforts yield uncommon harvest point not bowed disgrace ,993883342318850049,,,,None
cause are destiny ,993883322932604930,,,,None
live stream starting now pubg 2 expansion 1700 bst  0900 pst  1200 est ,993883316288917504,,,,None
only outfit like zen doing chainmail remind multiple crusades genocidal cullings guise manifest are major part most major religions ,993883308642758657,US,city,Malden,None
believe do so more mere ego cant feel it dont know you ,993883302649106438,,,,None
maybe was destiny mine always leave everything with god ra ,993883296860917761,,,,None
tenacious back ,993883291873882113,,,,None
playing william engdahl manifest truth jihad ,993883276254371840,,,,None
got little light tattoo done 2 weeks ago now ,993883237641486336,,,,None
2 was let down osiris dlc was failure cant wait see how fuck up warmind  ,993883236844625923,,,,None
check enter chance win 25 amazon digital copy scions destiny ,993883232667095045,,,,None
must have control authorship destiny pen writes life story must held hand ,993883231375233025,,,,None
rasputin has awoken team with legendary guardian ana bray fight across unfamiliar martian landscape 2s latest expansion warmind launches today ,993883223997517826,,,,None
mix song  record guitars bass another track  make sure 2 updated all ps4s pcs ,993883209963393024,,,,None
women cale anal asian cute teen retro latina porn barbarian sex movies pornstar devon video little ,993883197460140032,,,,None
fucking moment warmind music do got 2 players tl ,993883187121025024,,,,None
waiting 2 dlc so hyped ,993883183572713472,,,,None
first day while had the get go home play been too long ,993883178824855552,,,,None
jimin blessing miserable life with extremely stunning wonderful beauty sexuality shit are angel devil time body god he created you youre ,993883172755722247,,,,None
been stuck traffic almost 2 hours point little far destiny ,993883162198523905,,,,None
has arrived play mad titan with thanos mode limitedtime mashup ,993883156548870144,,,,None
live starting with some more god war finishing with some 2 warmind ,993883144607752192,,,,None
shut up ,993883082737487872,,,,None
hype real guardians whos else coming back this      ,993883079134666752,,,,None
hype real guardians whos else coming back this      ,993883067436752896,,,,None
god bless era already being bias wrecked seokjin thing has leading to bts love 轉 tear concept photo amp version ,993883031093080064,,,,None
dont have time excuses ,993883029188771840,,,,None
well warmind dlc downloaded 6pm decide 2 still hot trash not cant make worse surely ,993882986205667330,,,,None
no destinys are written already ra would change destiny would trust eternity ,993882980069322754,,,,None
get home either megadimension overwatch competitive look see want buy 2 expansion ,993882978001604608,,,,None
provident northern thanisandra main road beautiful lake ,993882963489230848,,,,None
tenacious pick sequel coming fall ,993882949476061184,,,,None
all sitting d2 directory are playing d1 even games arent related all might bit thirsty end rant note everyone hope love have opinion content ,993882848095424515,,,,None
later friends ,993882844433960960,,,,None
could see bouncing back with sept update ive heard about bo4 so far leads believe cod dead forever leaving door open revival ,993882823168790533,,,,None
reminder will probably get 2 trailer in 1 month ,993882788901408768,,,,None
wildest stuff ,993882757079191556,,,,None
excited try warmind after work tonight tomorrow during day off but dreading all contacting server popups know going get ,993882710950195200,,,,None
going give 2 another shot miss 1 so much even though deleted all d2 characters kinda want give shot again servers come back up is ,993882691589300224,,,,None
yikes drama lol seen kid stacks playing with true vanguard man he sure got exposure hes scam ,993882682659688449,,,,None
current expansion warmind cant justify renewing ps rn no matter how bad want soooooo tips ,993882682206584832,,,,None
looking forward trying 2 expansion tonight especially some crucible maps congrats everyone shipping ,993882667094564864,,,,None
woop tuesday  plan today 2 servers come back up come check nioh the ,993882651797811200,,,,None
iron banner replays some 2 warmind hype ,993882646814998529,,,,None
might make break 2 im praying ,993882643983880192,,,,None
playing 2 ,993882629878493185,,,,None
day paul horton 645 ,993882615693348864,,,,None
fallen ,993882608386957312,,,,None
turn around ,993882595724115970,,,,None
because pubg doesnt have much content things monitor has lot things go wrong watched ,993882585427271687,,,,None
yup click 2 chose check download find start downloading it too lazy find timer store  ,993882527961141248,,,,None
content dryer arab sandal ,993882518142308353,,,,None
more 2 few hours stream gonna continue character finish up nessus io hopefully starting curse osiris end stream ready tackle warmind tomorrow ,993882510303088642,,,,None
words carry strength convictions today wh more capricorn ,993882505177526274,,,,None
majority people dr strange heard before movie majority players playing warmind wont know was were multiple warminds deep lore change so mainstream consume fine with ,993882484692537344,,,,None
2 how prismatic matrix works eververse rewards ,993882467068067841,GR,city,Corfu,{'type': 'Point', 'coordinates': [19.91540194, 39.61944304]}
also should stop taking advice people refer giving birth what body was made for ,993882449917640706,,,,None
been down before been hurt before got up before good go good go it got get up get ,993882437062098944,,,,None
very surprised dev finally this havent touched game months not 12 weeks after coo looking back playing again few hours hope warmind isnt big disappointment massive fan hope d2 becomes good d3 too ,993882410709340160,,,,None
in time will know like lose feel so desperately right yet fail all same dread it run it still arrives  thanos ,993882407295070211,,,,None
whos playing 2 ps4 tonight kinda wanna hop party play through with someone like days ,993882405441294336,,,,None
destinywell decide destiny ,993882381864980480,,,,None
servers down until 2i miss kslims live ,993882367000489984,,,,None
drawwwww  ,993882363678474240,,,,None
last time checked controlled so do math ,993882359509471232,,,,None
thanos fortnite now 2 dlc in ,993882320062111744,,,,None
got 3 more super special videos week top 10 thursday about best games ever played talking about 2 tomorrow friday are digging into some dark souls  ,993882311165956096,,,,None
2 warmind unleashes frozen hive mars today ,993882282359443461,,,,None
back much earlier expected so definitely live warmind launch missed feeling being genuinely excited dlc launch ,993882208795586565,,,,None
or maybe lost forever lifetime ,993882197802274817,,,,None
warmind with fireteam come check 2 dlc affiliate amp ,993882171021627392,,,,None
7 returning destiny exotics 2 warmind ranked ,993882169259966464,,,,None
xd remember that ahhhh good times well hope good times come back soon miss playing all time ,993882159919218690,,,,None
finally getting conference finals feels little like destiny take tbl ,993882143553150976,,,,None
while do have major influence destiny boiler drops through roof kills you spouse friend greatest irony company were starting jobs faultless simply  happens ,993882139962826752,,,,None
enter 2 ps4 pro giveaway ,993882137156866049,,,,None
warmind 2 dlc stream going down installed ,993882129825136640,,,,None
streaming 2 warmind dlc 7pm gmt enjoy music meantime live ,993882070022807553,,,,None
guys bungie trying hard improve game more more universe far favorite video game universe so excited story changes update im impatiently waiting  ,993882047520260096,,,,None
it moments decision shaped  ,993882046324932608,,,,None
going fast makes feel alive heart beats hyper drive do win only lose let choose ,993882039907581952,,,,None
one love heart destiny  bob marley ,993882031217102848,,,,None
still arrives ,993882027215777792,,,,None
excited play today after not playing few months hope see guardians around ,993882016063131648,,,,None
last night actually stayed up until almost 3am playing iron banner was so fun hadnt done first few weeks 2 know work takes time reassuring see changes coming in so much better reading too  ,993882000405692419,,,,None
so much destiny safe working stories  ,993881950397124612,US,city,Middleburg-Clay Hill,None
lot people couldve been better start but every game has things development needed fix patch d2 is game still fixing hell d1 was still getting fixed y3  ,993881861792391168,,,,None
hometown developers expanding experience lt3 ,993881827281694723,,,,None
a family shattered book two michals series ,993881785846173697,,,,None
2 ,993881780125093888,,,,None
im wearing shirts anticipation wearing shirt band while show faux pas super excited fan ,993881747082416129,,,,None
are ps4 go 2 logo hit options button check updates preordered mine already downloaded ,993881737120841729,,,,None
dread it run it still arrives thanos  credits   keep clicking keep sharing    ,993881690199080960,,,,None
really  2 killed game imo whats different  ,993881673086459904,,,,None
happy warmind day everyone going live with dlc tonight 7 cst giving away copy 2 come hang out ,993881666337861632,US,admin,Arkansas,None
 good  dlc good miss so much ,993881637518741504,,,,None
someone explains raid mechanics ,993881622247366656,,,,None
called months ago you even singularity theres shot ts foot brain went jana ,993881620351541248,,,,None
warmind menu music ,993881600575193088,,,,None
im excited 2 expansion but im not sure did everything last expansion tbh  ,993881525551816704,,,,None
still arrives thanos ,993881523626696707,,,,None
happy see some people being excited hope dlc does well really want play some good destiny ,993881521953091584,,,,None
heyyyyyyyup friends warmind dlc day are excited have jumped off train ,993881494035812352,,,,None
again bc did took away some dumb reason two ,993881479078957061,,,,None
looks destiny yeah pretty accurate shame corporate ruined potential ,993881462708486145,,,,None
 was not so girlish   more like mature makes feel like should try another concept mature  do should stick concept ,993881454856712194,,,,None
cant wait play again lets do this ,993881413668802562,,,,None
soul left body thought its destiny finally get meet him ,993881396220514307,US,admin,Florida,None
gonna sequel tenacious pick honestly dad so more amazing news ,993881316679708672,,,,None
inspired ice cubes kill will meant dothis purpose destiny ,993881300212822018,,,,None
how games like do instant updates 2 still have downtime 2018 ,993881266360635392,,,,None
big day streaming today starting off with league fortnite dlc come keep tilting ,993881263365910528,,,,None
finally because record stuck beirut cafe trope first time met was beirut cafe every saturday morning would meet with beirut cafe honestly were lot more fun then embrace tony 3 ,993881176967348224,,,,None
live footage community now ,993881156138520576,,,,None
blessings act umbrella against all oddsit will not change destiny but will act shield help most respect elders serve parents ,993881154242543618,,,,None
still arrives ,993881150362980352,,,,None
terrorize share it so have good kd  are competitive players ,993881139352948736,,,,None
cheif executive mr oliver plunkett good luck will found mh370 250sqkm search area destinys 3rd eye beyond mind science provided location bay bengal territory ,993881092280274944,,,,None
every democrat world will agree nation entitled strike independence wish dream hope nobody world has stop  nation must rise ashes a  march nation ,993881087519744000,,,,None
2  expansion 2 warmind launch trailer ,993881083841253377,,,,None
2  expansion 2 warmind launch trailer ,993881078707507200,,,,None
congratulations destiny so proud you ,993881075310088194,US,city,Virginia Point,None
are caught up intrigue creative romantic possibi more virgo ,993881049963741184,,,,None
2 servers down warmind dlc release date unlock time approach ,993881015834771456,,,,None
only could harness energy output created players mashing buttons see servers are live ,993880930359169024,,,,None
gone head nah like told ,993880912969588739,,,,None
wish could duplicate myself have myself friend ,993880880216199168,,,,None
should give 2 another try lmao ,993880875191422976,,,,None
power believe self becomes power changes destiny genma shiranui ,993880864407764995,,,,None
well first all changes major bungie examples star wars didnt jedi dont exist took cannon archived make room stories bungies doing thing people get star wars changes get ,993880855083823104,,,,None
support  someone tweeted this dont downgrade dream match reality upgrade faith match destiny  ,993880757025288192,,,,None
2  playstation 4 collectors editionconsole not included  ,993880715627548672,,,,None
well game ended but destinys child saga has not ,993880711697350657,,,,None
its 1149 not able play destiny ,993880710531317760,,,,None
2 warmind dlc release date unlock time plus preloading shared google feed ,993880709570940929,,,,None
joy im so happypick was delight watch ,993880703208165377,,,,None
 but before like has been before came before me take up mantle shield defend protecting daughter peggy carter steve rogers  ,993880671608172545,,,,None
content too see yall week ,993880670962311168,,,,None
so doing things with today ,993880648736649217,,,,None
anyway im taking friendship applications lol more friends like setting up babys room shooting ball its sunny like today listening music ,993880557321904129,,,,None
been playing with friends couple weeks loving it getting full band back together check clip aj_the_gr8 streaming 2 ,993880550011105280,,,,None
so context were 3 girls yms team mc jokingly named michelle kelly beyonce destinys child before game started because he couldnt remember real names ,993880532860596225,,,,None
download mb58 album  ,993880445250138118,,,,None
2 down another two hours aaaaagh ,993880401360965633,,,,None
late mayearly june like standard vacation time already ready wag destiny ,993880380880179200,,,,None
brought yourself still arrives ,993880370931224576,,,,None
dont care anyone says im excited expansion dont ranked will justify problems core pvp but pve looks promising ,993880366254608384,,,,None
so started thing someone meets asks real destiny have give dollar yes does really work ,993880345186533378,,,,None
happy birthday wrapped secret santa gift were 2 things mind 1 how person has great taste books 2 he loves cra were bound meet amp finally did  secret santa was not actual secret santa  ,993880344456646656,,,,None
gonna hanging with her channel until servers are back up cant wait until get hands ,993880322944139265,,,,None
good night love couple yerin most  ,993880222318477312,,,,None
race responsibilities why informed that change does not occur but effected effect change from todaymakingthedifference ,993880201414180865,,,,None
some fortnite 2 hopefully doc will fix but doubt will ,993880196112572416,,,,None
gonna stream 2 comes back online keep eye around 2pm est ,993880195391254534,,,,None
humans may have created me but will enslave me cannot destiny ,993880113602220032,,,,None
not matter chance matter choice not thing waited for but thing achieved william jennings bryan ,993880080303583232,,,,None
quote tweets amp start typing look ignorant preaching shit im like but theyre so thick skulled even explained wouldnt understand bc again dont even know how ,993880051505618944,,,,None
garbage hard believe coming company halo ,993880044094271488,,,,None
believes no coincidence world but only hitsuzen destiny fate ,993879964905750528,,,,None
gotta get back into playing 2 now lots updates dlc ,993879924384530433,,,,None
know fuck being so down myself bc destiny did bc her fucking problems cant wait start career make good money move away im doing great have job car money two bank accounts wha got drug addict boyfriend drugs ,993879922186838017,,,,None
are all headed destination life allowing god lead us im headed city city tried map spirit gpsn single headed city ,993879889202724864,,,,None
girl mine 99 souls  destinys child  brandy ,993879881258885120,,,,None
todays day grateful opportunity add world with talented partners excited send players starside search activities challenges meet legendary hunter ana bray see mars brave guardians ,993879864821268485,,,,None
ferdousitamann1 space destiny do we boldly go ,993879814334500864,,,,None
i believed until led you put much stock wishes but made mine come true didnt soulmates existed knew dreams become reality with magic made two  ,993879790989045761,,,,None
watch launch trailer here ,993879778276073473,,,,None
destinys child  cater ,993879771812716548,NG,city,Ikeja,None
fluke devegowda ji pm ,993879762094325762,,,,None
watch launch trailer here ,993879748219756544,,,,None
hey everyone heads up expansion comes today will hear lot good things lot bad things this hear nothing even worse could have imagined ,993879675209441280,,,,None
strongly dislike 90 human population because yall run damn mouths with opinions arent even yours youre band wagoning bc dont know how use fucking brain yourself thats all ,993879665369665537,,,,None
senses are highly acute today enabling perceive s more cancer ,993879656657911809,,,,None
would sooner play eve destiny ,993879574864900096,,,,None
forever letting people twitter how live life brothers sisters ask yourselves are sims character destiny ,993879550844076032,,,,None
not concerned about comfort he purpose he shakes things up get destiny ,993879485949890561,,,,None
wanna play expansion with sir ,993879466039443456,,,,None
are born win cast away fear fulfill destiny ,993879460435890176,,,,None
know excited about cant sleep all twitch stuff all filled out good go also dlc coming doesnt help with sleep ,993879431071567872,,,,None
lmaoooo funny asf ,993879430895472642,US,city,Prairieville,None
quick note might not have 2 pc humble monthly bundle 12 ,993879368538738688,,,,None
pick of 2 ,993879333197533185,,,,None
has different pestering stupid people shoukd know  ,993879330852761600,,,,None
nobody life without destiny everyone born has godgiven fortune ,993879294047858689,,,,None
nana prahs series sale may 711 ,993879285000822790,,,,None
know too much about destiny likeyoure trying shoot stuff like check out like no gotta shoot stuff likebut shoot them likei shoot because not me simple man ,993879262112329729,,,,None
lol thought 343 credits though knows smoke too much weedbut ur def wasting ur time with so unbalanced with multiplayer very repetitive played week want nostalgic halo feeling skill based ranking system ,993879195280379905,,,,None
check broadcast playstation 4 2 live ,993879135717031942,,,,None
community wants game good so badly hurts ,993879120890224643,,,,None
brexit alone will not but freedom pursue best abilities will really dont want fight referendum again arguments were made people decided ,993879114930180096,,,,None
fair personally didnt look up did destiny also found funny ,993879093006491648,,,,None
taap toolkit guide inclusive development gives practitioners tools ensure all members society have voice power determine destiny join fostering social inclusion with unwavering commitment ,993879085775556608,,,,None
already know  ,993879080616443905,,,,None
2 servers down warmind dlc release date unlock time approach ,993879038606348289,,,,None
mighty avengers avengers rise celestials avengers rise eternals favorite title avengers force ,993879029043384320,,,,None
7 returning destiny exotics 2 warmind ranked  ,993878987280658435,,,,None
wooo time see expansion gonna worth got every exotic game couple weeks into last expansion ,993878971413544960,,,,None
god realized may 8th dlc day havent seen single tweet about it rest well sweet prince luke smith failed us ,993878966376247296,,,,None
dread it run it still arrives ,993878960147648512,,,,None
have get through god war first before fire up again revive red warrior try god war havent its masterpiece ,993878947438870529,,,,None
mashable 7 returning destiny exotics 2 warmind ranked ,993878946906189829,,,,None
streaming 2 expansion tonight dinkahhh bungiesoon ,993878927234879488,,,,None
2 warmind unleashes frozen hive mars today ,993878924097605632,,,,None
the power believe yourself becomes power changes destiny genma shiranui ,993878892732563458,,,,None
nehru gave biggest feku speech eve indian independencetryst with destiny the service india means service millions suffer means ending poverty ignorance disease inequality opportunity 70 years still waiting ,993878872956555269,,,,None
has been decided long ago ,993878841411092481,,,,None
time dlc time upgrade d  ps4 pro giveaway  tag friends  retweet like amp follow  click enter ,993878823635742720,,,,None
ig official_un_b unb meeting was probably destiny dearest believe unbs today tomorrow its very reassuring have lets make many memories together well remember forever always thankful trust with future ,993878818816446466,,,,None
yes always level destiny ,993878799149359104,,,,None
posted photo ,993878780551860224,,,,None
literally tells stop talking so study gets ignored two 2 social media platforms butthurt ,993878773417283589,,,,None
abstraction gambles with lives happiness even itself ,993878757927727104,,,,None
drops some dlc today day fortnite gets thanos man bungie cant catch break year ,993878746968010753,,,,None
are not destiny do not bring best ,993878733936320512,,,,None
get biggest challenge are 5 disciplines have pull together especially world view claiming all answers are questions origin meaning morality destiny ,993878694371512320,,,,None
sooo warmind dlc2 drops today but theres also mode fornite play thanos hmmmm love will outweigh fortnite im gonna 2 instead ,993878586217107457,,,,None
live are playing bit fortnite before update 2 2pm est come hang because are celebrating change letters ,993878556290764803,,,,None
nehru gave biggest feku speech eve indian independencetryst with destiny the service india means service millions suffer means ending poverty ignorance disease inequality opportunity 70 years still waiting ,993878546782261249,,,,None
join conversation morn 1150am 930 get details here talkin style amp creating life dreams ,993878523650625537,,,,None
time will know its like lose feel so desperately youre right yet fail all same dread it run it still arrives ,993878521708761088,,,,None
playing 2 live starting 1pm est ,993878500443611136,,,,None
her brigitte all guardians have fashioned french names three years later came brigitte lindholm so guess not too bad x more art mean shit ton art like many pages more game played x ,993878495125278721,,,,None
taap toolkit guide inclusive development gives practitioners tools ensure all members society have voice power determine destiny join fostering social inclusion with unwavering commitment by ,993878450418126855,,,,None
fam do have make closeups havent suffered enough already  ,993878442679652353,,,,None
so dope all again destiny  ,993878405505527808,,,,None
is still have 2 somewhere definitely got expansion pass ,993878384156569600,,,,None
knew was reason couldnt find reason put down blunts was destiny ,993878362698469376,,,,None
up ,993878298206892033,,,,None
will playing 2 tonite warmind expansion ,993878226639388672,,,,None
how do identify someone without destiny ,993878201503019009,,,,None
thought life determines ultimate destiny ,993878200643194880,,,,None
dread it run it still arrives ,993878170758610944,,,,None
dont be theres lot magic with exotic weapons were getting biggest update exotic inventory weve ever had exciting ,993878160977653765,,,,None
some friends wanted play 2 against better judgment bought too was bored disaponited plagued bad game design immediately though friends were very hyped even stopped playing it should refunding this ,993878159933300743,,,,None
asthetic pick sequel ,993878146297442306,,,,None
celebrate warminds release have gunslinger huntress  made group picture ready flame some titans ass   more here ,993878138617782273,,,,None
4 are four questions deal with a origin b meaning c morality d destiny world view deals with 4 subjects  did come from gives life meaning how do differentiate between good evil happens human he dies ,993878124717854720,,,,None
its go vote calling all ,993878103998058501,,,,None
keep tht  shit away  ,993878052940677121,,,,None
dread it run it but will still arrive  ,993878036402659329,,,,None
gamble with time choose  ,993878029255544832,,,,None
happy birthday husbygod bless age may grow grace wisdom will live fulfill godgiven jesus name ,993877929233911808,,,,None
now may culminate into different good achievements life varies individual another so someones has been snatched devious means all gone into wind person has none get ,993877920732143616,,,,None
india have most cowards spineless rascals army india well known land rapes freedom kashmir ,993877852968890369,,,,None
actually should go bed now but hey sleep anyway  guess ill call ambulance  ,993877852708843523,,,,None
magical how works ,993877819364028418,,,,None
nice thing about waiting word finalizing contract get free day try 2 dlc launch ,993877776322064384,,,,None
side difficulty level destiny nothing random youll stay faith all things are going work good ,993877758848720898,,,,None
shows how completely working nights didnt know 2 expansion drops tonight everyones probably going stream it should i ,993877756642553856,,,,None
maybe 343 will stop making trash like destiny what do know bungie makes destiny right ,993877752918040577,,,,None
are master destiny go ,993877751865204739,,,,None
oh another point forgot people hated 1 so long didnt get good until king dlc history merely repeating itself here 5 ,993877740846829571,,,,None
listen these series ,993877719405531136,,,,None
akari come forth comrades destiny season 1 chapter 4 ,993877703110479874,,,,None
find let go ,993877694973665280,,,,None
not gonna let some stupid asses ruin day today will play 2 until pass ,993877679559524358,,,,None
excerpt destiny chapter 5 the throne robin kirbygatto look mothers day amazon when truth not replicated higher place which known heaven mere ,993877662044213248,,,,None
tonight vangyx_217 will live streaming both channels warmind dlc 2 join around 9pm est watch shoot aliens ,993877633040568320,,,,None
live checking thanos ltm gonna play warmind dlc ,993877612836483072,,,,None
yeah but 2 wasnt good ,993877609326039040,,,,None
still class are playing destiny ,993877584688623616,,,,None
tagged life tagged soldiers book 1 sam ,993877553256521730,,,,None
defy destiny ,993877534117957632,,,,None
hear believe nothings gonna change destiny whatevers meant will work perfectly  avril lavigne ,993877460344160257,,,,None
maybe 343 will stop making trash like actually make halo want like halo 3 fingers crossed ,993877440299786240,,,,None
pick 2 gt avengers infinity war ,993877432238264320,,,,None
play longer ill end up having stroke with how much pisses off fucking christ ,993877414416732161,,,,None
hi all incisive witty cartoons critique modern life are place follow retweet whatnot so fulfill famous artist cultural critic ,993877349438578688,,,,None
boyfriend asked were met gala last night destiny ,993877323576496129,,,,None
going live with battlefront 2 servers are down finish campaign thursday no webcam today melting remember enter giveaway use sr ,993877290332368896,,,,None
today destiny ,993877280500760576,,,,None
live 1 nostalgia trip warmind later ,993877271311085571,,,,None
hopefully narrative designer vicarious means dlc will written little better last 2 dont lol all time ghost care ,993877246430666754,,,,None
paths choose are based perspective amp preference agonize decisions but preset based lessons learn ,993877243100323840,,,,None
like lovelyzs theory but girl moon boy earth girl sun ,993877220014747655,,,,None
arrived ,993877209256550403,,,,None
confused are class ,993877207499108353,,,,None
southampton  stoke  swanseas hands but carlos carvalhals side still have all do ,993877183176232961,,,,None
any1 cares 2 today back making content hoping dlc better lot catch up with guys missed making content guys feedback video been gone so long still around ,993877162653569024,,,,None
excited 2 expansion lots things are moving direction working drawing warmind with thoughts coming soon ,993877151907631104,,,,None
looking warmind dlc stream 2 come check channel affiliate with very active clan tons raid experience are day 1 blind raiding spire raid come check ,993877128755253253,,,,None
hoping warmind gets 2 back feet ,993877125269786625,,,,None
sold   ,993877108186271744,,,,None
myself after how after 35 years still get problematic release date expansions ,993877104503607297,,,,None
bbc report based unendorsed projections said 2030 no remedial action against bengalurus burning lakes will 11 cities world will have karnatakas tryst with ,993877100737134592,,,,None
come back rey too real  ,993877086816428032,,,,None
believe has set plan so happens supposed happen amp accept ,993877086409502722,,,,None
pretty stoked warmind today see vicarious visions put together very excited see different studio does with destiny not gameplay but also wrote story which hyped ,993877080759816199,,,,None
was going play 2 see warmind was all about fuck bored waiting ,993877068910907392,,,,None
so down ,993877040746172416,,,,None
2 servers down warmind dlc release date unlock time approach ,993877039924039680,,,,None
yes but will nap with great purpose power will nap nap just snooze spite worlds expectations demands will sleep sleep destiny ,993877018050641922,,,,None
so update taking forever so conan exiles  im gonna go cook some chorizo eggs  ,993877009808977920,,,,None
karma has rerouting people destiny preet would excellent nyag seat adding 2 cents ,993877003223871488,,,,None
so tired feeling like  ,993876988556431361,,,,None
follow 2 tonight but some more overwatch coming asap  ,993876978213314563,,,,None
had dream about nhc turned into dream about bear last night coincidence destiny fate ,993876962564362240,,,,None
omg its literally week before birthday ,993876936366743552,,,,None
anything happens life was meant happen destiny was destined have life have now cant have regrets ,993876929349541889,,,,None
jimin wore calvin klein but not style but brand destiny shookt bts_twt ,993876889080020992,,,,None
star wars forces  perilous pursuit  disney ,993876844293345280,,,,None
geez 2 disc was stolen  house break in flip man get another  ,993876835913134080,,,,None
concept pictures are unacceptable ehsjsj cant breathe ,993876793760370689,,,,None
because kylo rens silky raven locks hair forces kylo ren dolls hair hard rubber someone marketing hasbro wasnt paying close enough attention ,993876790543290368,,,,None
1 confused 2 destiny 3 baby girl 4 tito mboweni 5 wasnt ready ,993876776656035840,,,,None
ready dlc know are how many see tonight around 730pm central ,993876760537255936,,,,None
