shout sell outs fake people console sad world eaphros shit are worlds lmfao ,-1
before go were clear about this right man first order business coming was trash fanbase hit home run 1st ab against you so guy crowded all first basefor ungodly reasonbut ohtani wanted leave ,-1
ok god cant hate anymore ,-1
taking long break game shit show now all streamers are fn xbox player are quitting returning every week plus only 20 gods get pickedbanned so splscl ass watch know team comps b4 game even starts smh ,-1
hate  ,-1
ah  poor mans paragon ,-1
average american man enjoy bad game ,-1
its so boring house brother has been kicked theres nobody talk about with ,-1
idk people fucking around making shit games first person maybe virtual reality  no game needed ,-1
0 because account locked bc service are horrible no help customers like us account has not loged session server too busy wth ,-1
well shameless cash battle royale formula game trash are 2 battle royale games xbox dont see doing well against pubg fortnite ,-1
make shit load off  buy ip off activision actually make good tony hawk games will love forever ,-1
would have good game but its really shit ,-1
alternative title game developers ran money pay streamers play shit game playercount down 82 ,-1
no should stop playing shit start playing  ,-1
started playing realized was horrible piece shit asset flip ,-1
bad game ,-1
replied comment destiny 2 pc support forums im daitanis boards seriously get act together fix issues with version windows making d2 break ,-1
want fps come so ditch  community shit game shit too ,-1
want great community ass few female players follow get banned playing not doing anything wrong blizzard wanting community make rules fucking horse shit make rules not rely thebcommunity do ,-1
final day event being super laggy barely getting xp  ,-1
This game is trash and ur a fanboy for liking it,-1
microsoft definitely promoting hell game whats sad,-1
tried playing  rare continues almost neverending streak making bad games ,-1
dead ,-1
still bad ,-1
after playing myself has shallow boring mechanics mostly walk talk this game deep give validation game its meh terms story leaves much desired made good video recommend ,-1
osu osu community so fucking stupid rn cant yall play  ,-1
13 too bad pc shite xd ,-1
will probably pretty dead end year ,-1
isnt culture dead already ,-1
seriously goblin challenge worst ideas even concieved so boring play not mention unenjoyabke annoying  ,-1
really hate update ,-1
 dead game  ,-1
flopped so bad lmao ,-1
how could expect good destiny 1 was hot trash ,-1
bad tho ,-1
i think thats it for myself on  the games just way too boring now same thing every game no change to it laters good job riot on ruining the game completely for the casual players ,-1
lots streamers convinced community rng was bad looks like blizzard listened however rngless not fun watch expect numbers fall even more people get tired match up over ,-1
was absolutely stupid ,-1
tried thing keep losing bullshit cannot possibly prepare prevent again hate bad game ,-1
yeah stopped calling myself gamer well also wont play most mmos because community so damn toxic towards women poc lgbtqia ever read some shit games like black desert online disgusting ,-1
useless shit nobody needs ,-1
dont see how guys put maps computer version yet guys totally neglect every single thing consul version mobile app with 60 million with profit guys wouldve fix some shit ,-1
cant play regular game test server was too good tbh makes original look like shit yall did keep up ,-1
no its sad some cant share glory because were too damn frustrated paint 30 game developers took 60 million profit still have yet going fix stuff consul version leaderboards are complete shit ,-1
had forgotten how boring was ,-1
like trash ,-1
matchmaking broken taking like 5 mins find match live servers test servers whats going on ,-1
more like more garbage give up bungie sell very dead franchise activision start project but dont co sign with game killer franchise activision ,-1
season are bad game game its more content added content stay there ,-1
hire so make game not shit ,-1
make game not dead jesus ,-1
more boring d2 ,-1
forced lmao joke whimp stop playing had buy ever verse crap grind grind may hey shit but its heart felt game ,-1
beacuse mistakes reason so many people left d2 have made multiple attempts manipulate force players pay more deserve so fucking course going complain about shit do ,-1
yeah sham curse osiris did not go will both story game were weak especily story only good thing dlc was fate saint14 he should have made main story final boss bad writing skills ,-1
destiny dead ,-1
lol no d2 wasnt worth 60 release sure hell wasnt after first dlc dropped gated bunch vanilla content behind paywall quit day havent looked back trash game even trashier company ,-1
promised so much gave half d1 was launch have wait til september 2018 year after launch d2 like d1da fuq are supposed move forward not backwards with games 100 bungievision wanted money plain simple ,-1
game too easy so really boring want good campaign do with friend and doing nothing shoot run shoot run super suck really gg disgusting ,-1
want people paying into bungie more content not worth grinding sign bad game ,-1
help dead game ,-1
all skins look shit ,-1
look bad imo ,-1
bad af ,-1
voting system stinks no matter how good friendly am no votes getting back grumpy flaming bad players ,-1
are plans putting people with bad connections into seperate queue because most annoying thing besides people playing accs ebay people pinging highping entire game playing accordingly ,-1
fix stupid cunt game ,-1
stop nerfing irelia please almost impossible playing her days  ,-1
bad graphics gey ,-1
please forfucks sake fix darisu shit ,-1
ur so fucking ugly fix shitty ass fucking animegame cunts ,-1
lp system isnt fixed guys did fucked shit up even more literally impossible climb now losing game negates winning two games bulshit not mention matchmaking shit too great fix ,-1
ur game dying because smurfs talking shit all game pathetic ,-1
shit game get autofilled every fking game ,-1
hey fix mac client its shit ,-1
fuck want eldewrito piss off with esport shit nobody ever asked for ,-1
hey trash like still part official halo lore shouldnt ms doing better rush retcon communityhostile garbage churned past ,-1
battlefield 1 classic example how bad online gaming has become unenjoyable cheat filled experiencewas fan ea many years but past 3 have turned opinionhavent seen apathy cheating cant buy games again ,-1
make battlefront game dont want shit like every game ever ,-1
fifa got kinda boring tbh ,-1
im really glad did not pay full price broken bs game im sure running talking sim ugh ,-1
sims 4 sooo broken unplayable  ,-1
lol so so should not worth hard earned money should empty boring cost 60 ,-1
are yall going fix faithful isles north beach tons threads forums about being bugged last map legendary voyage cant get legend chest because stupid bug ,-1
35 35 35 game shit pointless head pal go find game like ,-1
should invest more better servers least  game broken have experienced errors lag stop getting gold xp  main point game pvp better servers  ,-1
bad game ,-1
no but gets boring only so many times kill skeletons loot treasure ,-1
considering major backlash about game surprised are using pictures dead servers misrepresenting gameplay ,-1
so ignoring because still broken or ,-1
really love dead daylight but losing pip killer leaves little upsetting turn off  fix lt333 ,-1
trash game dead reason ,-1
fix piece shit game ,-1
are going get better system killers rage quit all work put trial get no blood points no reward because killer leaves game toxic love game but hate toxic players ,-1
wont fix lobbys takes 20minutes get into fucking game seriously sort shit out 3 survivors 1 killer every fucking time ,-1
screw yall stupid ass emblem system ,-1
fix stupid hatch problem ,-1
guys still havent fixed problem all  stole money gave you cant believe  guys did me really dishearten guys doing dead daylight player ,-1
experience 999999 time play worthless waist storage get tunneled retarded killer doesnt have more common sense gold fish cracker but course still die cuz survivors run things do end ,-1
regret this mean wont wont ya  ,-1
have defensive fanboy sot current form early access game nothing more stop using pr phrases excuse ,-1
fix game ive been trying hours whats wrong help ,-1
maybe its sucks  ,-1
im talk talk fibre too related lot people reporting issues online bungie get shit together ,-1
dead game ,-1
shit game ,-1
friendly reminder making twitter safe space wont make trash game good bring back community ,-1
dead game ,-1
dead game ,-1
revive statens story line current extremely boring ,-1
trash honestly like dying nothing do anymore cause all nothing s4 battle pass wack all skins are wack only good stuff emotes glad things like dlc2 d2 bo4 division 2 gonna come take ,-1
hope like laggy games ,-1
haha dead game ,-1
so shit though ,-1
refund anytime broken product  ,-1
shit ,-1
bad news  ,-1
destiny definition dead game ,-1
dead meme ,-1
embarrassing game developer with good designs has awful tendency cheat lie fanbase change how treat players ,-1
shit comment ,-1
shit game ,-1
shit game ,-1
stopped playing 5 months ago time dont release fucking game shit state worse case first game guys nearly year get game kinda decent not shit was upon release ffs ,-1
armor game looks so good shame dead like bungies  ,-1
help so servers xbox are still poor theyve been start  fact codes joke ,-1
lol game dead fuck bungie ruined ,-1
informer so good ,1
hopefully get some game time weekend would love get sea thieves again have space ,1
incredible wow ,1
yall are best ,1
looking forward bungie has put together also looking forward pvp testing exotic buffs ,1
gotta having lore outside game makes much more streamlined depth mythos hope see grimoire come back destiny boo all naysayers game 1000 times better magnitude has created ,1
hey ever wanted try destiny2 currently 10 all platforms bestbuy prob heard some weird ish about game year but are changes wind good time pick up cheap adding more wrepllies ,1
another damn good session cannot wait tomorrow begin,1
honestly enjoying with friends nice have co op game play inbetween things ,1
was hella fun morning dudes was nice getting back into even though had no idea was even doing lol hosted up  make sure go drop follow amp hey ,1
has proof showing its easier d1 hence are making he game harder ways pvp easy win but requires play different game was meant for ,1
fun game more stuff too chase which happening may add  ,1
live with super slow connection twitch ,1
thats interesting comment so was more common was easier do d1 all reasons say but everyone arguing more casualso more common d1 does mean its kind reverse people are about d2 ,1
last night insane 1 being amazing ppv 2 talking with 25 hall famers myself included talks legends night amazement are still going with generation so was epic book ,1
love destiny especially with great streamer sure check guys girls ,1
okay expansion hate but im kind excited see comes ,1
live with 2 come watch fun ,1
extremely happy chaos corner 2 also love series general ,1
imma stream tales tonight its free game through twitch so should fun took week off no more ,1
check broadcast playstation 4  handsome collection live ,1
going live with more maya  see guys chat ,1
like multiplayer because play pace usually story involved more engaging styles do like coop though because involved with game still good alone like 2 ,1
super easy play easy understand mechanics hella fun ,1
live five twitch youtube  2  op8 trying dual streams today wish luck haha ,1
so happy lol will live with some more lmao ,1
sounds so fun now hoping show e3 ,1
really good rpg come soon get elder scrolls fallout  ,1
writing not half bad give that but very similar last us happened games like which jad fun dialogue story was set background main focus was gameplay ,1
gonna play bit more fun join continue play through presequel im live ,1
love 1 pc totally awesome gameplay so different ps4 with video cards amazing all detail ,1
getting back into 2 trying true vault hunter mode forgot how good characters weapons were ,1
psycho 2 so fun play holy shit ,1
thing really like about s clan wars mode rallies everyone together rooting each on people are playing official clan would happy have you tag qj9p22 ,1
going live with some more bill play  man fixing generators everythings so run down around here ,1
live masterpiece come hi ,1
check uhhhh good game ,1
good guys havent seen yet doesnt suck barely been able touch because battletech but definitely worthwhile should check out ,1
game fun but so stressful love it ,1
are going freeze death  live stream ,1
are planning continue playing  great game enjoy watching play it ,1
pretty amazing game cant wait until release more content ,1
excited todays stream more god war clean up will finally checking  may start little earlier too ,1
does exactly tin great gameplay amazing graphics challenging with great theme well worth it ,1
best game played year well done guys gonna uploading full game soon stay tuned ,1
wow real depressing emotional brutal masterpiece hats off cannot wait scenarios ,1
really good game someones looking play like mix between city sim survival strategy also made people made war mine which another really good game ,1
clocked around 3 hours into  must admit aesthetically well built also brain teasing time ,1
stream ton fun today hanging froze everyone  raid many hosts follows tips totaled 13 different viewers reasons smile today cant wait see many many more ,1
live again with more ,1
finished first playthrough today having great time with game  ,1
brutal snowstorm micromanagement good way ,1
looks like pretty fun game ,1
taking look steam two best selling titles are small indie games 15 pricetag 2999 battletech 3999 sure battletech published paradox but still pretty great ,1
experience was not expected screemed top lungs million times yet end all hours spent att,1
empting beat bs throws salty face extremely satisfied with game well done  ,1
everyone hanging with today during super late stream raid hosted up gorgeous playing  ,1
really enjoying  survivaly city builders played lack conflicthardship late game get stale but constant temperature drop great antagonist ,1
okay super cool saved colony first runthrough becoming tyrannical despot demanding strict adherence obedience order executing all opposed rule but colony lived xd gonna try softer touch time through ,1
sales show a indie studio with fans force reckoned with b high quality games simple concepts exectured well make hell game c terrible didnt impact sales all ,1
hella fun ,1
also pretty good ,1
playing game anyway so good ,1
recorded first part gotta game really good so far will uploading vid few days  ,1
reminder stream will wednesday should beat makes sad  amazing game ,1
probably best games played very long time story setting gameplay voice acting absolutely amazing 1010 ,1
cant get fact how awesome is week im getting back some wow even some final fantasy 14 with little bit mhw ,1
piece  fathers sons beautiful reminder find storiesand stories help find ourselves ,1
playing game anyway so good ,1
recorded first part gotta game really good so far will uploading vid few days  ,1
reminder stream will wednesday should beat makes sad  amazing game ,1
probably best games played very long time story setting gameplay voice acting absolutely amazing 1010 ,1
cant get fact how awesome is week im getting back some wow even some final fantasy 14 with little bit mhw ,1
piece  fathers sons beautiful reminder find storiesand stories help find ourselves ,1
with up 12k viewers last night official blizzard twitch stream boys finished tespa varsity season top 16 north america was great match all pleased made far cheering on ,1
always fun loud volcanosauuur ,1
made it legend was so super nervous thrilled shaman was see through lt3 first hero 60 first golden first see hit legend beams twitter ,1
are going changing how works future update least was was dom stream because nobody really gets it but basically  have rank mmr rank exposed mmr hidden rank goes bronzegtmaster tiers 14 ,1
dang looking pretty hot ,1
been having lot fun playing mode fan havent tried should ,1
come check stream now doing last day ranked see how high climb ,1
live with some solo adventure appreciation stream come join tavern ,1
had amzing stream tonight playing sure back later another stream most gta v good night all ,1
must admit had no interest until recently really enjoy it art style so well done like inclusion characters themes games sick  love overwatch card backs haha ,1
tried  but league really fun have good computerunlike me good internetalso unlike me ,1
is pretty decent ,1
you guys are good at  congratulations lt3 ,1
is also great game ,1
started playing again after long hiatus built underground complex with different bedrooms stuff caught fire after lava moat incident so nuked it good see core gameplay remains unchanged days ,1
time get some more time back server d live  come join love gaming d ,1
spent 45 minutes downloading update not happy ,1
won 910 ranked matches  first time was so good game  ,1
really enjoyed playing during eventquite honestly best amount fun ive had while practically got all skins except moira cant wait year roll around im determined get all them ,1
good stuff favorite blizzard game ,1
check broadcast playstation 4  origins edition live ,1
wow wanna home playing ,1
live with ,1
actually fun ,1
will going live 15 minutes maybe dabble back into road affiliate everyone come give streamer some love throw follow sit chat ,1
had blast playing stream has kinks but really enjoying things anyone know go report bugs see stream tonight ,1
live playing some ,1
still pretty cool ,1
pretty fun have guys thought about implementing buy ingame items stuff check are interested ,1
really hoping see update soon nice game ,1
yall havent played game yet really do recommend anyone play its crazy fun get first win feels like conquered world ,1
good game but ran,1
domly put tree not let move was final 2 with like 14 kills lmao also optimise ur game so use least decent settings like every game ty ,1
because can also hella addicting fun play ,1
okay so streamed morning gotta say game does not deserve bad rap already getting fun hell presents some legitimately cool smart ideas into into genre ,1
streaming some come watch hang out ,1
games enjoy recommend  new dont too intimidated keep moving  usually dont go br games but cool 80s themed  cold and wolves survive ,1
good game so addictive amp fun ,1
amazing ,1
like rest community will remember love commemorate everything did game scene people within it are true warrior aspiration look up to rest easy afterlife hope kick ass ,1
skins are pretty dope ,1
heard good xd ,1
car physics pretty great also has some interesting networking details multiplayer setup but boiling down car physics most basic setup  ,1
awesome monday today stream took break went back lover had blast want everyone joins watches no matter game play love dudes ,1
ive played almost 11 years starting account great was back first started ,1
been fun watching play ,1
should download nice ,1
gave chance good see still going strong city skyline looks great seen play bunch ,1
fun game ,1
game awesome should totally play  ,1
so recently gotten back into  while super fun have no idea doing dont know working for dont know progress is doesnt help whole game got revamped last played so even map screen unrecognizable ,1
looked up lore its kinda standard stuff interesting but standard reason people love because its 100 hours into game should have been 4 hours revealed cool ,1
havent played long timei was pretty big fan fame tbh streaming it however newer player was super obnoxious lol youre so slow lol this isnt most efficient do this all being saidi miss rhino ,1
trying gameplay feels good but god default keyboard bindings ,1
getting invested  good game ,1
amazing stream tonight guys got lot stuff done including legend himself close shoved love partner  ,1
streaming find find lot fun ,1
recently really stuff music itself ingame usage fantastic ,1
beautiful day ,1
man like try looks super fun ,1
depends call amazing ive had great time with games like all games exclusives xbox windows 10 people should stop comparing sony does no point having separate consoles want everything same ,1
awesome stream guys wasnt really expecting close 200 viewers  all so much  see tomorrow more  ,1
still so jealous rares game looks pretty amazing pvp stuff kind meh but ideal game always wanted but not buying xbox p ,1
so many memorable unique experiences with random matchups streamers last week enjoying super metroid roguelite robot named fight switch ,1
so fun ,1
cool hashtag games at imma stay up playing   ,1
check screenshot world place looks amazing night ,1
people went mad yea people like sony microsoft because broke rules making base game achievement impossible unless buy dlc ,0
no iron banner marker time  feel so sad  ,0
quick question fourth items ship castaway all areas ruffian wilds grand shores plenty yet fourth setpossibly imperial ancient isles spire plunder have it ,0
should do anything not losing money ,0
move ammo chest sloops back towards map table blocks bailing water  ,0
start take little seriously ,0
thought idea random stuff different outpostwhat joketo many people hanging around outpost cant sell anything either ,0
keep gettin killed people  dont like high pop servers  have low population less assholes will grief servers  ,0
yess truly like wait time after some blows up someones ship take money away kinda similar gta ,0
also didnt tag fortnite  still appreciate sot support however controller provided no luck time boo ,0
play d2 well noice havent picked d2 back up prestige raid was released have missed lot  get ready dlc ,0
has been resolved do look find current updates issues status page doesnt reflect kinds bugs not willing play unless gaining rep hours put in ,0
grabbed ,0
mind share used chips ahoy codes  are multiuse codes with cooldown between activations all bots are already blocking codes  ,0
so cant buy previous sets clothinggearafter update understanding correctly are shops outposts are no longer available ,0
insane cant wait see video have coming ,0
hey were able find chips ahoy promo looked target harris teeter not found anything ,0
add amesdale xbox ,0
load up game title game menu are both not loading quick fix ,0
get off revision week so guess doing should revising p ,0
nothing shipwright shop imperial sovereign ,0
makes sense have game probably will get into weekend advice ,0
dm so get more information about order ,0
have tried hardwire connection not willing try fix it problem havent had lag rubberbanding internet service isnt best ,0
huge fan preordered participated every betaand support guys nuts having bit issue with motivation voyages start get repetitive was wondering had plans change up bit ,0
posting extras after all nonamerican friends have so follow keep eye out ,0
posting extras after all nonamerican friends have so follow keep eye out ,0
time wouldnt extreme but said updates are important so get it pipe dream mine  ,0
yes sea thieves ,0
with too much time ,0
sure put suggestions official forums fan page ,0
was talking you ,0
accuracy  ,0
thats true  im trying hurry up get legend while saving money so buy things ,0
cant wait brotha ,0
lmao so not being able kill someone instantly means theyre pc player then shut up kid get some skills ,0
high af have no problem killing people until come up against pc player kill some 1 2 shots with blunderbuss but aginst pc player takes 4 5 no arent eating bananas either ,0
going sailing again will joining us legend loser all are welcome hms perrerrtsherp ,0
balance clearly better with no weaponship upgrades based skill not ,0
btw data community thinning have no data speculating show real data ,0
made through monday  into may  curious minds wonder  games play  its sevtech newly released multiplayer stardew valley  comment with current faves  mrs ,0
arent official are they like unframed 5 pcshot  sea thieves  pirate  hd modern fashion home decor wall art canvas print oil paintingsize100cm 60cm  add wishlist ,0
castaway bilge rat dress doesnt fit right doesnt cover should looks little off ,0
increase merchant xp ,0
imperial sovereign stuff like ship customizations weapons ,0
left  ,0
so much been waiting add ,0
make so customize pirate please ,0
here ,0
havent tried god war yet but will eventually lol have all levels 30 now  ,0
day eye patch check flintlock skin pistol check launch crew eye reach check love game ,0
found dagger tooth outpost pirate life ,0
like week ,0
hear hear ,0
hope dont pull only listen casuels ruin game lol however dispite changes looking forward going openminded coming up with perspective ,0
been around halo 1 pc bungie strong ever since  ,0
game teaser ala wolves prowlingshouldnt warmind dropping pilars every planet ,0
yeah dude yeah have no problems with games destiny 2 some reason even destiny 1 giving error codes lol  ,0
confused with too cant view friends list chat parties messages problem with isp but not sure how go website load up account too ,0
more people play fortnite d2 ,0
only scumbag room troll face back cave ,0
yeah play games tho eso fortnite thought would rule out ,0
talk talk fibre mate games are working fine ,0
yeah both dude ,0
are with talktalk chance ,0
im not big crucible gamer normally but im very hyped upgrades regardless ,0
xbox x talk talk fibreanything common trying rule out ,0
retweeted bungie  final iron banner season 2 live visit lord saladin tower begin reminder final week earn season 2 iron banner ornaments ,0
here but gave up after 20 mins  ,0
yeah dont will retconn it might put some grimoire back though lore hasnt been thrown window all saying ,0
obvious broke boi scumbag  ,0
aye getting emotes like too right cause killing it ,0
been trying hour myself yet 5 people friends list are online tried resetting everything nothing ,0
its 025 page illustrations are 2 each old fuck off ,0
headcannon hes working clearing named heavy hitters heroic events flashpoints uh collaborating with hawthorne clans hunt week served up prison next making things safer keeping prison fresh cayde gets paid ,0
only getting constant error messages cant connect destiny 2 servers ,0
dlc 1 started season 2 ,0
yes myelins response conversations was positive but genuinely like forgot invite lore lovers until people asked were lack anyone storynarrative team main meetings didnt really inspire confidence ,0
help do keep getting destiny servers are down guy wants grind nightfalls smh ,0
ps make handcannons 3 tap again pls you  ,0
no ut isnt battle royale portion until leaves early access ,0
freindly reminder bungie has muted so youre comment will seen devs ,0
nice ,0
could have been better but lack content developer communication nearly made entire fan base leave game instead inputing story into game like advertised launch making webcomics could have done so much more with d2 ,0
youre minority ,0
guys let know going bring prestige raid eow let know weve been waiting ,0
help keep getting centipede errors cant get signed in updates ,0
im ready season 3 iron banner bring back efrideet ,0
1st nightfall rng side change ,0
yup definitely ,0
yet still following bungie twitter  ,0
change things up bit plz ,0
help booted main screen hit with noahs arc baboon badger viper weasel ,0
love game has melted  ,0
text season 1  ,0
poet all know ,0
thing goes destiny ,0
dont play destiny 2 after main story but have love armors games like see halo ,0
wont because actually listen community_ ,0
help hey locked daily challenges such which cuts progression half dont have dlc how come cant get refund ,0
game mode ,0
literally listening feedback want it ,0
stalking profile definition virgin doesnt have life ,0
are probably worst companies work together absolute bollocks destiny 2 is ,0
do take bite forbidden fruit with each season dlcs ,0
two pages front back no content ,0
dude chill noticed realized mistake blamed auto correct ,0
totally forgot community nominated head spokesperson so glad representing all ,0
informer love it maybe should have bright orange eyes would even cooler ,0
dang might get refund too ,0
tip still trying goes fast with melee supers striker arcstrider sentinel warlocks are luck  ,0
only important multi emote ,0
so many bungie apologist gave shitty game except pay more money stuff should have been game launch plus had d1 work but no change stuff should have been touched ,0
mean always been possible back d1 had 2 fireteams crota raid somehow after first bridge encounter loaded another fireteam with ,0
bring back hawkmoon thorn last word its time ,0
yeah noticed aswell bud ,0
lol member games told story ,0
wow guess chinese took hoax interplanetary fake news ,0
yes more videos please get all kinds devs talk about stuff love process reasons behind decisions guys are killing it keep up  ,0
do fucking about leavers crusible assholes ,0
ana bray informer ,0
daily ib challenges give regular crucible tokens shaxx ,0
true ,0
have no idea ,0
man love people its first so gets pass valid reason avid destiny player but fuck up fuck up period ,0
dont get eitherhow are already 3rd season ,0
but still dont understand d2s seasons tbh ,0
titan with 2 grenades synthoceps easy ,0
nope free base game told otherwise ,0
interesting ,0
yea its been like awhile ,0
curious but did make this not bit hypocritical ,0
yeah looking it fortnite going down road soon ,0
hopefully season will impactful fortnites season four  ,0
really excited dlc ,0
will have 2 tap hc  ,0
will iron banner tokens reset season 3 do carry over ,0
release some content ,0
around september ,0
mean bring back palindrome eyasluna ,0
find reddit ,0
see poll would handle reasonably ,0
after its buff its gonna beast ,0
whether like not have stumbled into war mars ,0
mean ya thought was like hidden implemented didnt about ,0
nobody wants pump draw time ,0
all changes are free moron sandbox changes masterworks ranked play all free only thing thats not free private matches locations pve ,0
yeah totally get dont but damn wish did want ornament so bad but suck balls competitive lol ,0
full jokes ,0
gimme account back  ,0
host league event east coast im tryna meet online friends ,0
like fuck unique builds inovation bot every time nerf so have build bloody crit again ,0
stop trying force every adc same kaisa had unique build build her exactly xayah again ,0
hey do have tracking number but go check it unavailable ,0
msi logo  ,0
will int ur game ,0
oh but guys even are capable doing that guess even miracles are possible ,0
hey someone only plays treeline people dont really play rift runes like waterwalking literally dont do anything  ,0
pls let do extra 2 billion dmg time ,0
so are guys gonna give chance report people trollpick so someone else dodge sick rammus adc jenna toplane trolls ,0
msi fnc icon sure butthurt players will enjoy present  ,0
do smell salt  ,0
want learn how guys cant ban people inting game ,0
puhleeeeased meet you ,0
banning people chat not trolling int feeding ,0
little contest doing month may dont miss some quality swag ,0
bee gone evil thing ,0
adc was far worst role season 1 but season 7 do epik montages  allowing  gl hf all ,0
more  came on ,0
wtf are mission rewards fix up ,0
no skip ,0
prob closer kai sa shoulda looked like ,0
was almost 5 half years ago how time fly introducing ,0
2017 created program called scouting grounds which invites top players amateur onlineplay community compete front league championship series staff identify talent ,0
hey get anivia skin want reverse anivia wears shitty egg costume normally gets egged turns into little anivia plushie you ,0
fuck are yi yasuo still game ,0
make happen ,0
fortnite non stop crashing wtf ,0
candy kayn skin ,0
trop beau beemo mais should replace mushroom flower ,0
make female rakan male xayah skin ,0
do guys actually ever play game are too busy writing copy pasted fluff doesnt fix anything ,0
10 minutes low priority queue aka literally sit wait no reason whatsoever after two games getting dcd server not letting reconnect ,0
hell this internet crashes manage finally get back into game team still wins yet lose 14lp ,0
hey give whole yiff give medieval twitch 3 ,0
deleted 2 key pieces thx ,0
could even take paws ,0
still waiting victorious teemo ,0
take ,0
wtf devils son  ,0
thanks ill staging walk out shortly dont get dindins ,0
more enough room and food place bailey  ,0
dad everyone  not home feeding me outrage ,0
please gtlt ,0
fucking up jg  ,0
droped p2 p5 very nice have more 0 2 afk adc team pls ,0
heroes evolved ,0
does game crash want open chest ,0
really enjoyed speaking with matt scott showdown about broadcast esports how fits into traditional broadcasters perspective ,0
glad made teemo skin based bees because losing lot guys real world very important lives pollinate crops provide sources food add economy among things ,0
the esports revolution moderated head market development amp board member featuring matt boughen amp ors amp scott wenkart showdown ,0
 remodel heimerdinger beg ,0
kindred skin ,0
fix fucking matchmaking system game tired getting autistic fucks games do not belong rank fix shitty system game before dies ,0
coming up 4 pm session have all been waiting for esports deep dive with ,0
but no wanted teemo skin ,0
